school_number,school_name,high_school,middle_school,elementary_school
7691,21st Century Cyber CS,1,0,0
5273,A W Beattie Career Center,1,0,0
5091,Abington Heights HS,1,0,0
6839,Abington Heights MS,0,1,0
7570,Clarks Summit El Sch,0,0,1
2407,Newton-Ransom Sch,0,0,1
6398,South Abington Sch,0,0,1
2402,Waverly Sch,0,0,1
3242,Abington MS,0,1,0
3241,Abington SHS,1,0,0
7707,Copper Beech Sch,0,0,1
3229,Highland Sch,0,0,1
5075,McKinley Sch,0,0,1
3232,Overlook Sch,0,0,1
3234,Roslyn Sch,0,0,1
3226,Rydal El Sch,0,0,1
4910,Willow Hill Sch,0,0,1
7824,Achievement House CS,1,0,0
7825,Ad Prima CS,1,0,0
8471,Adams County Technical Institute,0,0,1
6661,Admiral Peary AVTS,0,0,1
7858,Agora Cyber CS,1,0,0
8364,A L Wilson El Sch,0,0,1
6001,Albert Gallatin Area SHS,1,0,0
7607,Albert Gallatin North MS,0,1,0
7608,Albert Gallatin South MS,0,1,0
4922,Friendship Hill El Sch,0,0,1
2129,George J Plava El Sch,0,0,1
6002,Masontown El Sch,0,0,1
4921,Smithfield El Sch,0,0,1
8085,Aliquippa El Sch,0,0,1
8086,Aliquippa JSHS,1,0,0
0,Allegheny IU 3,0,0,1
5296,Acmetonia El Sch,0,0,1
29,Springdale JSHS,1,0,0
7467,Allegheny-Clarion Valley Elem,0,0,1
4664,Allegheny-Clarion Valley HS,1,0,0
8484,Brigadier General Anna Mae Hays El Sch,0,0,1
8412,Building 21 Allentown,0,0,1
2790,Central El Sch,0,0,1
2792,Francis D Raub MS,0,1,0
2791,Harrison-Morton MS,0,1,0
2768,Hiram W Dodd El Sch,0,0,1
8413,Jackson Early Childhood Center,1,0,0
2774,Jefferson El Sch,0,0,1
2775,Lehigh Parkway El Sch,0,0,1
2795,Louis E Dieruff HS,1,0,0
8140,Luis A. Ramos El Sch,0,0,1
2779,Mosser El Sch,0,0,1
2780,Muhlenberg El Sch,0,0,1
2781,Ritter El Sch,0,0,1
2782,Roosevelt El Sch,0,0,1
6448,Sheridan El Sch,0,0,1
2793,South Mountain MS,0,1,0
4929,Trexler MS,0,1,0
2785,Union Terrace El Sch,0,0,1
2786,Washington El Sch,0,0,1
2794,William Allen HS,1,0,0
7543,Alliance for Progress CS,1,0,0
913,Altoona Area HS,1,0,0
7986,Altoona Area Jr HS,1,0,0
891,Baker El Sch,0,0,1
908,Irving El Sch,0,0,1
895,Juniata El Sch,0,0,1
930,Juniata Gap El Sch,0,0,1
7425,Kimmel Alternative School,0,0,1
933,Logan El Sch,0,0,1
7199,Mowrie A Ebner El Sch,0,0,1
8280,Penn-Lincoln El Sch,0,0,1
902,Pleasant Valley El Sch,0,0,1
6555,Ambridge Area HS,1,0,0
633,Ambridge Area MS,0,1,0
629,Economy El Sch,0,0,1
661,Highland El Sch,0,0,1
632,State Street El Sch,0,0,1
2725,Annville Cleona HS,1,0,0
2724,Annville El Sch,0,0,1
8178,Annville-Cleona MS,0,1,0
2723,Cleona El Sch,0,0,1
820,Antietam MS/HS,1,1,0
5205,Mt Penn El Sch,0,0,1
8482,Mt Penn Primary Ctr,0,0,1
8031,Antonia Pantoja Community CS,1,0,0
7787,Apollo-Ridge Elem Sch,0,0,1
2320,Apollo-Ridge HS,1,0,0
6570,Apollo-Ridge MS,0,1,0
0,Appalachia IU 8,0,0,1
0,ARIN IU 28,0,0,1
8342,Armstrong JSHS,1,0,0
569,Dayton El Sch,0,0,1
6574,Elderton El Sch,0,0,1
5002,Lenape El Sch,0,0,1
6577,Shannock Valley El Sch,0,0,1
7896,West Hills Intermediate Sch,0,0,1
7895,West Hills Primary Sch,0,0,1
7640,West Shamokin JSHS,1,0,0
8214,Arts Academy CS,1,0,0
8336,Arts Academy Elementary CS,1,0,0
8148,ASPIRA Bilingual Cyber CS,1,0,0
958,Athens Area HS,1,0,0
4918,Audrielle Lynch-Ellen Bustin El Sch,0,0,1
8220,Harlan Rowe MS,0,1,0
8219,SRU El Sch,0,0,1
6221,Austin Area El Sch,0,0,1
6222,Austin Area JSHS,1,0,0
4165,Avella Area JSHS,1,0,0
7098,Avella El Center,1,0,0
7721,Avon Grove CS,1,0,0
1367,Avon Grove HS,1,0,0
1365,Avon Grove Intrmd Sch,0,0,1
5216,Fred S Engle MS,0,1,0
7323,Penn London El Sch,0,0,1
34,Avonworth El Sch,0,0,1
5199,Avonworth HS,1,0,0
7669,Avonworth MS,0,1,0
8320,Avonworth Primary Center,1,0,0
8211,Baden Academy CS,1,0,0
1335,Bald Eagle Area JSHS,1,0,0
1333,Howard El Sch,0,0,1
1334,Mountaintop Area El Sch,0,0,1
1331,Port Matilda El Sch,0,0,1
1330,Wingate El Sch,0,0,1
50,Baldwin SHS,1,0,0
6787,J.E. Harrison Education Ctr,0,0,1
37,McAnnulty El Sch,0,0,1
48,Whitehall El Sch,0,0,1
3434,Bangor Area HS,1,0,0
5257,Bangor Area MS,0,1,0
8450,DeFranco El Sch,0,0,1
8449,Five Points El Sch,0,0,1
3430,Washington El Sch,0,0,1
7827,Bear Creek Community CS,1,0,0
7386,Beaver Area MS,0,1,0
640,Beaver Area SHS,1,0,0
8065,College Square El Sch,0,0,1
7823,Dutch Ridge El Sch,0,0,1
6985,Beaver County CTC,0,0,1
0,Beaver Valley IU 27,0,0,1
7545,Bedford El Sch,0,0,1
7021,Bedford MS,0,1,0
726,Bedford SHS,1,0,0
7096,Bedford County Technical Center,1,0,0
4930,Belle Vernon Area HS,1,0,0
8269,Belle Vernon Area MS,0,1,0
4328,Marion El Sch,0,0,1
4325,Rostraver El Sch,0,0,1
1343,Bellefonte Area HS,1,0,0
1342,Bellefonte Area MS,0,1,0
1341,Bellefonte El Sch,0,0,1
1339,Benner El Sch,0,0,1
1340,Marion-Walker El Sch,0,0,1
6229,Pleasant Gap El Sch,0,0,1
7144,Bellwood Antis MS,0,1,0
917,Bellwood-Antis HS,1,0,0
914,Lewis M Myers El Sch,0,0,1
7750,Belmont CS,1,0,0
5211,Belmont Hills El Sch,0,0,1
4675,Benjamin Rush El Sch,0,0,1
5116,Bensalem Twp HS,1,0,0
6451,Cecelia Snyder MS,0,1,0
1006,Cornwells El Sch,0,0,1
7030,Robert K Shafer MS,0,1,0
6896,Russell C Struble El Sch,0,0,1
1008,Samuel K Faust El Sch,0,0,1
6788,Valley El Sch,0,0,1
1594,Appleman El Sch,0,0,1
8434,Benton Area HS,1,0,0
8433,Benton Area MS,0,1,0
7987,Bentworth El Ctr,0,0,1
7988,Bentworth MS,0,1,0
4188,Bentworth SHS,1,0,0
0,Berks County IU 14,0,0,1
6304,Berks CTC-East Campus,0,0,1
7068,Berks CTC-West Campus,0,0,1
6206,Berlin Brothersvalley El Sch,0,0,1
7645,Berlin Brothersvalley MS,0,1,0
6207,Berlin Brothersvalley SHS,1,0,0
7302,Bermudian Springs El Sch,0,0,1
3,Bermudian Springs HS,1,0,0
6921,Bermudian Springs MS,0,1,0
1605,Berwick Area HS,1,0,0
6808,Berwick Area MS,0,1,0
6349,Nescopeck El Sch,0,0,1
1597,Salem El Sch,0,0,1
8378,West Berwick El Sch,0,0,1
4802,Abraham Lincoln El Sch,0,0,1
7326,Benjamin Franklin El Sch,0,0,1
55,Bethel Memorial El Sch,0,0,1
62,Bethel Park HS,1,0,0
4902,George Washington El Sch,0,0,1
61,Independence MS,0,1,0
7327,Neil Armstrong 5-6 MS,0,1,0
60,William Penn El Sch,0,0,1
5063,Asa Packer El Sch,0,0,1
3464,Broughal MS,0,1,0
3436,Calypso El Sch,0,0,1
3453,Clearview El Sch,0,0,1
6722,Donegan El Sch,0,0,1
4956,East Hills MS,0,1,0
3456,Farmersville El Sch,0,0,1
6723,Fountain Hill El Sch,0,0,1
4957,Freedom HS,1,0,0
3458,Freemansburg El Sch,0,0,1
3449,Governor Wolf El Sch,0,0,1
3459,Hanover El Sch,0,0,1
3442,James Buchanan El Sch,0,0,1
3465,Liberty HS,1,0,0
3443,Lincoln El Sch,0,0,1
3454,Marvine El Sch,0,0,1
3455,Miller Heights El Sch,0,0,1
3463,Nitschmann MS,0,1,0
3462,Northeast MS,0,1,0
3452,Spring Garden El Sch,0,0,1
6633,Thomas Jefferson El Sch,0,0,1
6634,William Penn El Sch,0,0,1
5286,Bethlehem AVTS,0,0,1
6975,Bethlehem-Center El Sch,1,0,0
5267,Bethlehem-Center MS,1,1,0
4181,Bethlehem-Center SHS,1,0,0
649,Beaver Falls Area SHS,1,0,0
648,Beaver Falls MS,0,1,0
650,Big Beaver El Sch,0,0,1
642,Central El Sch,0,0,1
1677,Big Spring HS,1,0,0
6326,Big Spring MS,0,1,0
7951,Mount Rock Elem Sch,0,0,1
1676,Newville El Sch,0,0,1
7355,Oak Flat El Sch,0,0,1
6707,Blackhawk HS,1,0,0
8476,Blackhawk Intermediate Sch,0,0,1
6558,Highland MS,0,1,0
6560,Patterson Primary Sch,0,0,1
6828,Blacklick Valley El Ctr,0,0,1
5135,Blacklick Valley JSHS,1,0,0
0,BLaST IU 17,0,0,1
1610,Beaver-Main El Sch,0,0,1
1612,Bloomsburg Area HS,1,0,0
1611,Bloomsburg Area MS,0,1,0
1606,Memorial El Sch,0,0,1
1608,W W Evans Memorial El Sch,0,0,1
4659,Blue Mountain El East Sch,0,0,1
3891,Blue Mountain HS,1,0,0
5263,Blue Mountain MS,0,1,0
8505,Elementary West,0,0,1
6891,Blue Ridge El Sch,0,0,1
4034,Blue Ridge HS,1,0,0
7400,Blue Ridge MS,0,1,0
8145,Bluford CS,1,0,0
6804,Boyertown Area MS-East,0,1,0
6305,Boyertown Area MS-West,0,1,0
6306,Boyertown Area SHS,1,0,0
6307,Boyertown El Sch,0,0,1
762,Colebrookdale El Sch,0,0,1
763,Earl El Sch,0,0,1
754,Gilbertsville El Sch,0,0,1
755,New Hanover-Upper Frederick El,0,0,1
766,Washington El Sch,0,0,1
7981,Boys Latin of Philadelphia CS,1,0,0
4691,Bradford Area HS,1,0,0
3092,Floyd C Fretz MS,0,1,0
7037,George Blaisdell El Sch,0,0,1
7281,School Street El Sch,0,0,1
768,Brandywine Heights El Sch,0,0,1
6308,Brandywine Heights HS,1,0,0
8383,Brandywine Heights Intrmd/MS,0,1,0
7342,Brentwood MS,0,1,0
70,Brentwood SHS,1,0,0
69,Elroy Avenue El Sch,0,0,1
68,Moore Sch,0,0,1
1014,Bristol HS,1,0,0
7743,Bristol MS,0,1,0
1013,Warren Snyder-John Girotti El Sch,0,0,1
1027,Benjamin Franklin MS,0,1,0
8368,Brookwood El Sch,0,0,1
8369,Keystone El Sch,0,0,1
8367,Mill Creek El Sch,0,0,1
8407,Neil A Armstrong MS,0,1,0
1029,Truman SHS,1,0,0
5148,Brockway Area Elementary Sch,0,0,1
2362,Brockway Area JSHS,1,0,0
6162,Brookville JSHS,1,0,0
5231,Hickory Grove El Sch,0,0,1
6163,Northside El Sch,0,0,1
2368,Pinecreek El Sch,0,0,1
8384,Brownsville Area El Sch,0,0,1
4818,Brownsville Area HS,1,0,0
2154,Brownsville Area MS,0,1,0
0,Bucks County IU 22,0,0,1
7670,Bucks County Montessori CS,1,0,0
1030,Bucks County Technical High School,0,0,1
7477,Burgettstown El Ctr,0,0,1
4195,Burgettstown MS/HS,1,1,0
4333,Bon Air El Sch,0,0,1
4340,Burrell HS,1,0,0
4339,Charles A Huston MS,0,1,0
4336,Stewart El Sch,0,0,1
8494,Broad Street El Sch,0,0,1
6690,Butler Area IHS,1,0,0
8344,Butler Area SHS,1,0,0
1148,Center Twp Sch,1,0,0
1150,Connoquenessing El Sch,0,0,1
1134,Emily Brittain El Sch,0,0,1
1138,Mcquistion El Sch,0,0,1
1142,Northwest El Sch,0,0,1
1184,Summit El Sch,0,0,1
6999,Butler County AVTS,0,0,1
8497,California Academy of Learning CS,1,0,0
7221,California Area El Sch,0,0,1
6939,California Area MS,0,1,0
4203,California Area SHS,1,0,0
7347,Cambria Heights El Sch,0,0,1
1199,Cambria Heights MS,0,1,0
5212,Cambria Heights SHS,1,0,0
1299,Cameron County JSHS,1,0,0
1298,Woodland El Sch,0,0,1
7509,Camp Hill MS,0,1,0
1682,Camp Hill SHS,1,0,0
1678,Eisenhower El Sch,0,0,1
1680,Hoover El Sch,0,0,1
4211,Borland Manor El Sch,0,0,1
4217,Canon-McMillan SHS,1,0,0
7217,Canonsburg MS,0,1,0
7216,Cecil Intrmd Sch,0,0,1
4938,Hills-Hendersonville El Sch,0,0,1
8397,Muse El Sch,0,0,1
7764,North Strabane Intrmd Sch,0,0,1
4937,South Central El,0,0,1
4214,Wylandville El Sch,0,0,1
5303,Canton Area El Sch,0,0,1
988,Canton JSHS,1,0,0
0,Capital Area IU 15,0,0,1
8278,Capital Area School for the Arts CS,1,0,0
4870,Carbon Career & Technical Institute,0,0,1
2420,Carbondale Area JSHS,1,0,0
7457,Carbondale El Sch,0,0,1
0,Carbon-Lehigh IU 21,0,0,1
5109,Career Institute of Technology,0,0,1
1692,Bellaire El Sch,0,0,1
1694,Carlisle Area HS,1,0,0
1689,Crestview El Sch,0,0,1
1691,Hamilton El Sch,0,0,1
7011,Lamberton MS,0,1,0
1683,Letort El Sch,0,0,1
1690,Mooreland El Sch,0,0,1
1686,Mt Holly Springs El Sch,0,0,1
1687,North Dickinson El Sch,0,0,1
7010,Wilson MS,0,1,0
79,Carlynton JSHS,1,0,0
77,Carnegie El Sch,0,0,1
78,Crafton El Sch,0,0,1
7315,Carmichaels Area El Ctr,0,0,1
7112,Carmichaels Area HS,1,0,0
8345,Carmichaels Area MS,0,1,0
8472,Catalyst Academy CS,1,0,0
2797,Catasauqua MS,0,1,0
2798,Catasauqua SHS,1,0,0
6593,Francis H Sheckler El Sch,0,0,1
8222,Davis El Sch,0,0,1
7271,Klinger MS,0,1,0
7274,Log College MS,0,1,0
5007,McDonald El Sch,0,0,1
1040,William Tennent HS,1,0,0
8200,Willow Dale El Sch,0,0,1
7726,Center for Student Lrng CS Pennsbury,1,0,0
4683,Barclay El Sch,0,0,1
7796,Bridge Valley El Sch,0,0,1
1044,Buckingham El Sch,0,0,1
1081,Butler El Sch,0,0,1
5133,Central Bucks HS-East,1,0,0
7790,Central Bucks HS-South,1,0,0
1043,Central Bucks HS-West,1,0,0
7435,Cold Spring El Sch,0,0,1
4852,Doyle El Sch,0,0,1
1048,Gayman El Sch,0,0,1
7653,Groveland El Sch,0,0,1
5307,Holicong MS,0,1,0
7520,Jamison El Sch,0,0,1
1047,Kutz El Sch,0,0,1
1041,Lenape MS,0,1,0
1057,Linden El Sch,0,0,1
7654,Mill Creek El Sch,0,0,1
5306,Pine Run El Sch,0,0,1
1042,Tamanend MS,0,1,0
1131,Titus El Sch,0,0,1
7715,Tohickon MS,0,1,0
4678,Unami MS,0,1,0
1132,Warwick El Sch,0,0,1
6646,Cambria El Sch,0,0,1
1208,Central Cambria HS,1,0,0
1202,Central Cambria MS,0,1,0
1205,Jackson El Sch,0,0,1
7201,Central Columbia El Sch,0,0,1
5390,Central Columbia MS,0,1,0
1619,Central Columbia SHS,1,0,0
1744,Central Dauphin East MS,0,1,0
1746,Central Dauphin East SHS,1,0,0
7820,Central Dauphin MS,0,1,0
1745,Central Dauphin SHS,1,0,0
1812,Chambers Hill El Sch,0,0,1
7306,Lawnton El Sch,0,0,1
1777,Linglestown El Sch,0,0,1
6783,Linglestown MS,0,1,0
1791,Middle Paxton El Sch,0,0,1
1782,Mountain View El Sch,0,0,1
1781,North Side El Sch,0,0,1
1795,Paxtang El Sch,0,0,1
1778,Paxtonia El Sch,0,0,1
1779,Phillips El Sch,0,0,1
1811,Rutherford El Sch,0,0,1
1780,South Side El Sch,0,0,1
1742,Swatara MS,0,1,0
5320,Tri-Community El Sch,0,0,1
1817,West Hanover El Sch,0,0,1
2248,McConnellsburg El Sch,0,0,1
6252,McConnellsburg HS,1,0,0
7734,McConnellsburg MS,0,1,0
6010,Miller MS,0,1,0
7476,Waynesburg Central El School,0,0,1
5118,Waynesburg Central HS,1,0,0
0,Central IU 10,0,0,1
4967,Central Montco Technical High School,0,0,1
7720,Central PA Digital Lrng Foundation CS,1,0,0
5094,Central PA Institute of Science & Techno,0,0,1
0,Central Susquehanna IU 16,0,0,1
8045,Center Grange Primary School,1,0,0
8044,Central Valley HS,1,0,0
8043,Central Valley MS,0,1,0
8046,Todd Lane El Sch,0,0,1
6172,Central Westmoreland CTC,0,0,1
4545,Central York HS,1,0,0
4544,Central York MS,0,1,0
4537,Hayshire El Sch,0,0,1
4540,North Hills El Sch,0,0,1
4539,Roundtown El Sch,0,0,1
7696,Sinking Springs El Sch,0,0,1
5088,Stony Brook El Sch,0,0,1
7552,Centre Learning Community CS,1,0,0
8047,Benjamin Chambers El Sch,0,0,1
2192,Buchanan El Sch,0,0,1
8244,Chambersburg Area Career Magnet Sch,0,0,1
2190,Chambersburg Area MS - North,0,1,0
6615,Chambersburg Area MS - South,0,1,0
2191,Chambersburg Area SHS,1,0,0
4825,Falling Spring El Sch,0,0,1
6273,Fayetteville El Sch,0,0,1
2208,Grandview El Sch,0,0,1
2215,Guilford Hills El Sch,0,0,1
6274,Hamilton Heights El Sch,0,0,1
2225,Lurgan El Sch,0,0,1
8375,Marion El Sch,0,0,1
8324,New Franklin El Sch,0,0,1
2209,Scotland El Sch,0,0,1
2216,South Hamilton El Sch,0,0,1
2196,Stevens El Sch,0,0,1
7258,Charleroi Area El Ctr,0,0,1
4715,Charleroi Area HS,1,0,0
7157,Charleroi Area MS,0,1,0
6706,Chartiers Valley HS,1,0,0
7415,Chartiers Valley Intrmd School,0,0,1
94,Chartiers Valley MS,0,1,0
7445,Chartiers Valley Primary Sch,0,0,1
4234,Allison Park El Sch,0,0,1
4235,Chartiers-Houston JSHS,1,0,0
5250,Cedarbrook MS,0,1,0
3250,Cheltenham El Sch,0,0,1
3260,Cheltenham HS,1,0,0
3257,Elkins Park Sch,0,0,1
3256,Glenside El Sch,0,0,1
3252,Myers El Sch,0,0,1
3255,Wyncote El Sch,0,0,1
8258,Chester Charter Scholars Academy CS,1,0,0
7514,Chester Co Family Academy CS,1,0,0
7539,Chester Community CS,1,0,0
0,Chester County IU 24,0,0,1
7292,Chester Co Technical College HS-Brandywi,1,0,0
7860,Chester Co Technical College HS-Pennocks,1,0,0
7293,Chester Co Technical College HS-Pickerin,1,0,0
6492,Chester HS,1,0,0
8020,Chester Upland Sch of Arts,0,0,1
8506,Edgmont Scholars Academy,0,0,1
1958,Main Street Sch,0,0,1
8303,STEM at Showalter,0,0,1
1829,Stetser El Sch,0,0,1
8302,Toby Farms Intermediate School,0,0,1
730,Chestnut Ridge Central El Sch,0,0,1
729,Chestnut Ridge MS,0,1,0
732,Chestnut Ridge SHS,1,0,0
1843,Boothwyn El Sch,0,0,1
7276,Chichester MS,0,1,0
1849,Chichester SHS,1,0,0
5322,Hilltop El Sch,0,0,1
1847,Linwood El Sch,0,0,1
1893,Marcus Hook El Sch,0,0,1
7575,Christopher Columbus CS,1,0,0
8262,Circle of Seasons CS,1,0,0
7727,City CHS,1,0,0
7371,Clairton El Sch,0,0,1
8094,Clairton MS/HS,1,1,0
5217,Clarion Area El Sch,0,0,1
1475,Clarion Area JSHS,1,0,0
6909,Clarion County Career Center,1,0,0
1480,Clarion-Limestone Area JSHS,1,0,0
1479,Clarion-Limestone El Sch,0,0,1
7374,Claysburg-Kimmel El Sch,0,0,1
8498,Claysburg-Kimmel Jr HS,1,0,0
921,Claysburg-Kimmel Sr HS,1,0,0
8315,Clearfield Area El Sch,0,0,1
6236,Clearfield Area JSHS,1,0,0
5276,Clearfield County CTC,0,0,1
1376,Caln El Sch,0,0,1
5012,Coatesville Area SHS,1,0,0
8416,Coatesville Intermediate HS,1,0,0
1374,East Fallowfield El Sch,0,0,1
1375,Kings Highway El Sch,0,0,1
8467,North Brandywine MS,0,1,0
1370,Rainbow El Sch,0,0,1
7334,Reeceville El Sch,0,0,1
7767,Scott MS,0,1,0
2510,Adamstown El Sch,0,0,1
6289,Cocalico MS,0,1,0
6290,Cocalico SHS,1,0,0
2506,Denver El Sch,0,0,1
5053,Reamstown El Sch,0,0,1
7628,Collegium CS,1,0,0
0,Colonial IU 20,0,0,1
7143,Colonial El Sch,0,0,1
5077,Colonial MS,0,1,0
3261,Conshohocken El Sch,0,0,1
4711,Plymouth El Sch,0,0,1
3333,Plymouth-Whitemarsh SHS,1,0,0
3332,Ridge Park El Sch,0,0,1
3411,Whitemarsh El Sch,0,0,1
2515,Columbia HS,1,0,0
8502,Columbia MS Hill Campus,0,1,0
8501,Columbia MS Taylor Campus,0,1,0
7056,Park El Sch,0,0,1
5178,Columbia-Montour AVTS,0,0,1
6122,Commodore Perry JSHS,1,0,0
7450,Commodore Perry Sch,0,0,1
7774,Commonwealth Charter Academy CS,1,0,0
7510,Community Academy of Philadelphia CS,1,0,0
3977,Conemaugh Twp Area El Sch,0,0,1
3978,Conemaugh Twp Area MS/SHS,1,1,0
5213,Conemaugh Valley El Sch,0,0,1
5136,Conemaugh Valley JSHS,1,0,0
2517,Brownstown El Sch,0,0,1
2532,Conestoga Valley SHS,1,0,0
5113,Fritz El Sch,0,0,1
2531,Gerald G Huesken MS,0,1,0
2522,Leola El Sch,0,0,1
2521,Smoketown El Sch,0,0,1
6268,Conewago Twp El Sch,0,0,1
7822,Conewago Valley Intrmd Sch,0,0,1
6267,New Oxford El Sch,0,0,1
6898,New Oxford MS,0,1,0
17,New Oxford SHS,1,0,0
8224,Conneaut Area Senior High,0,0,1
8225,Conneaut Lake MS,0,1,0
6132,Conneaut Lake-Sadsbury El Sch,0,0,1
6133,Conneaut Valley El Sch,0,0,1
8226,Conneaut Valley MS,0,1,0
6643,Connellsville Area Career & Technical Ce,0,0,1
2097,Bullskin El Sch,0,0,1
2105,Connellsville Area MS,0,1,0
5228,Connellsville Area SHS,1,0,0
5048,Dunbar Twp El Sch,0,0,1
2172,Springfield El Sch,0,0,1
4939,West Crawford El Sch,0,0,1
7284,Conrad Weiser East El Sch,0,0,1
777,Conrad Weiser HS,1,0,0
7651,Conrad Weiser MS,0,1,0
5203,Conrad Weiser West El Sch,0,0,1
6944,Cornell El Sch,0,0,1
8087,Cornell HS,1,0,0
4800,Cedar Crest HS,1,0,0
6301,Cedar Crest MS,0,1,0
6302,Cornwall El Sch,0,0,1
2728,Ebenezer El Sch,0,0,1
2729,South Lebanon El Sch,0,0,1
7300,Union Canal El Sch,0,0,1
1998,Corry Area HS,1,0,0
1997,Corry Area Intrmd Sch,0,0,1
7793,Corry Area MS,0,1,0
8311,Corry Area Primary Sch,0,0,1
3868,Coudersport Area El Sch,0,0,1
3869,Coudersport Area JSHS,1,0,0
1088,Churchville El Sch,0,0,1
5096,Council Rock HS North,1,0,0
7749,Council Rock HS South,1,0,0
1086,Goodnoe El Sch,0,0,1
7208,Hillcrest El Sch,0,0,1
4680,Holland El Sch,0,0,1
8447,Holland MS,0,1,0
7657,Maureen M Welch El Sch,0,0,1
7432,Newtown El Sch,0,0,1
6453,Newtown MS,0,1,0
1087,Richboro El Sch,0,0,1
5308,Rolling Hills El Sch,0,0,1
1130,Sol Feinstone El Sch,0,0,1
8469,Wrightstown El Sch,0,0,1
4098,Cranberry Area JSHS,1,0,0
6595,Cranberry El Sch,0,0,1
5037,Cochranton El Sch,0,0,1
1632,Cochranton JSHS,1,0,0
1651,First District El Sch,0,0,1
1654,Meadville Area SHS,1,0,0
1653,Meadville MS,0,1,0
1650,Neason Hill El Sch,0,0,1
1645,Second District El Sch,0,0,1
7194,West End El Sch,0,0,1
5179,Crawford County CTC,0,0,1
8446,Crestwood Secondary Campus,0,0,1
2858,Fairview El Sch,0,0,1
5341,Rice El Sch,0,0,1
7624,Crispus Attucks CS,1,0,0
7290,CTC of Lackawanna County,0,0,1
5277,Cumberland Perry Area Career & Technical,0,0,1
1701,Cumberland Valley HS,1,0,0
6714,Eagle View MS,0,1,0
1700,Green Ridge El Sch,0,0,1
5020,Hampden El Sch,0,0,1
1697,Middlesex El Sch,0,0,1
1698,Monroe El Sch,0,0,1
4849,Mountain View MS,0,1,0
1696,Shaull El Sch,0,0,1
1699,Silver Spring El Sch,0,0,1
1695,Sporting Hill El Sch,0,0,1
8438,Winding Creek El Sch,0,0,1
6238,Curwensville Area El Sch,0,0,1
1529,Curwensville Area JSHS,1,0,0
2868,Dallas Intermediate Sch,0,0,1
5150,Dallas MS,0,1,0
2869,Dallas SHS,1,0,0
7596,Wycallis Primary Center,1,0,0
8132,Dallastown Area Intermediate Sch,0,0,1
6598,Dallastown Area MS,0,1,0
4553,Dallastown Area SHS,1,0,0
4546,Dallastown El Sch,0,0,1
4701,Leaders Heights El Sch,0,0,1
4547,Loganville-Springfield El Sch,0,0,1
4551,Ore Valley El Sch,0,0,1
4549,York Twp El Sch,0,0,1
4810,Daniel Boone Area HS,1,0,0
8285,Daniel Boone Area Intermediate Cntr,0,0,1
7544,Daniel Boone Area MS,0,1,0
8007,Daniel Boone Area Primary Ctr,0,0,1
3424,Danville Area MS,0,1,0
3425,Danville Area SHS,1,0,0
8201,Danville Primary Sch,0,0,1
4833,Liberty-Valley El Sch,0,0,1
7627,Danville Ctr Adolescent Female,0,0,1
5278,Dauphin County Technical School,0,0,1
8425,Deep Roots CS,1,0,0
511,Curtisville Pri Ctr,0,0,1
513,Deer Lakes HS,1,0,0
7595,Deer Lakes MS,0,1,0
6695,East Union Intrmd Sch,0,0,1
0,Delaware County IU 25,0,0,1
7058,Delaware County Technical High School-As,0,0,1
7057,Delaware County Technical High School-Fo,0,0,1
7162,Delaware Valley El Sch,0,0,1
5261,Delaware Valley HS,1,0,0
3865,Delaware Valley MS,0,1,0
3864,Dingman-Delaware El Sch,0,0,1
7408,Dingman-Delaware MS,0,1,0
7625,Dingman-Delaware Primary Sch,0,0,1
3866,Shohola El Sch,0,0,1
4351,Derry Area MS,0,1,0
4352,Derry Area SHS,1,0,0
6927,Grandview El Sch,0,0,1
7731,Hershey Early Childhood Ctr,0,0,1
4801,Hershey HS,1,0,0
7186,Hershey Intrmd El Sch,0,0,1
6678,Hershey MS,0,1,0
1749,Hershey Primary El Sch,0,0,1
7775,Discovery CS,1,0,0
2539,Donegal HS,1,0,0
8228,Donegal Intermediate School,0,0,1
7165,Donegal JHS,1,0,0
7786,Donegal Primary School,0,0,1
8229,Dover Area El Sch,0,0,1
4558,Dover Area HS,1,0,0
8475,Dover Area MS,0,1,0
4557,Leib El Sch,0,0,1
7555,North Salem El Sch,0,0,1
4556,Weigelstown El Sch,0,0,1
1391,Beaver Creek El Sch,0,0,1
7266,Bradford Hgts El Sch,0,0,1
1431,Brandywine-Wallace El Sch,0,0,1
7759,Downingtown HS East Campus,1,0,0
1387,Downingtown HS West Campus,1,0,0
7517,Downingtown MS,0,1,0
8174,Downingtown STEM Academy,0,0,1
5011,East Ward El Sch,0,0,1
6476,Lionville El Sch,0,0,1
7516,Lionville MS,0,1,0
8309,Marsh Creek Sixth Grade Center,1,0,0
1432,Pickering Valley El Sch,0,0,1
7265,Shamona Creek El Sch,0,0,1
7990,Springton Manor El Sch,0,0,1
6621,Uwchlan Hills El Sch,0,0,1
6477,West Bradford El Sch,0,0,1
7550,Dr Robert Ketterer CS Inc,1,0,0
2385,C G Johnson El Sch,0,0,1
1541,DuBois Area MS,0,1,0
6156,DuBois Area SHS,1,0,0
6157,Juniata El Sch,0,0,1
1532,Oklahoma El Sch,0,0,1
6918,Wasson Avenue El Sch,0,0,1
6591,Dunmore El Ctr,0,0,1
8312,Dunmore JSHS,1,0,0
7908,Duquesne El Sch,0,0,1
8340,East Allegheny JSHS,1,0,0
8339,Logan El Sch,0,0,1
3021,Carl G Renn El Sch,0,0,1
3018,George A Ferrell El Sch,0,0,1
6364,Hughesville JSHS,1,0,0
3019,Joseph C Ashkar El Sch,0,0,1
2799,Alburtis El Sch,0,0,1
2809,Emmaus HS,1,0,0
7560,Eyer MS,0,1,0
2808,Jefferson El Sch,0,0,1
2802,Lincoln El Sch,0,0,1
7559,Lower Macungie MS,0,1,0
2804,Macungie El Sch,0,0,1
5239,Shoemaker El Sch,0,0,1
4827,Wescosville El Sch,0,0,1
8133,Willow Lane El Sch,0,0,1
5220,East Pennsboro Area MS,0,1,0
1707,East Pennsboro Area SHS,1,0,0
1705,East Pennsboro El Sch,0,0,1
4850,West Creek Hills El Sch,0,0,1
7536,Bushkill El Sch,0,0,1
8016,East Stroudsburg El Sch,0,0,1
7641,East Stroudsburg SHS North,1,0,0
6935,East Stroudsburg SHS South,1,0,0
3204,J M Hill El Sch,0,0,1
7366,J T Lambert Intermediate Sch,0,0,1
7642,Lehman Intermediate Sch,0,0,1
3201,Middle Smithfield El Sch,0,0,1
7411,Resica El Sch,0,0,1
3202,Smithfield El Sch,0,0,1
4822,Eastern Center for Arts & Technology,1,0,0
2552,Blue Ball El Sch,0,0,1
2500,Brecknock El Sch,0,0,1
7209,Garden Spot MS,0,1,0
2554,Garden Spot SHS,1,0,0
4707,New Holland Elementary,0,0,1
6612,Eastern Lebanon Co MS,0,1,0
2740,Eastern Lebanon Co SHS,1,0,0
8137,ELCO Intermd Sch,0,0,1
6611,Fort Zeller El Sch,0,0,1
2735,Jackson El Sch,0,0,1
6174,Eastern Westmoreland CTC,0,0,1
4559,Canadochly El Sch,0,0,1
4564,Eastern York HS,1,0,0
7439,Eastern York MS,0,1,0
6285,Kreutz Creek El Sch,0,0,1
4563,Wrightsville El Sch,0,0,1
4915,Cheston El Sch,0,0,1
3482,Easton Area HS,1,0,0
8351,Easton Area MS,0,1,0
3477,Forks El Sch,0,0,1
3478,March El Sch,0,0,1
3473,Palmer El Sch,0,0,1
5350,Paxinosa El Sch,0,0,1
8058,Shawnee El Sch,0,0,1
5064,Tracy El Sch,0,0,1
8391,Easton Arts Academy Elementary CS,1,0,0
136,Central El Sch,0,0,1
4804,Elizabeth Forward MS,0,1,0
144,Elizabeth Forward SHS,1,0,0
8115,Greenock El Sch,0,0,1
142,Mt Vernon El Sch,0,0,1
139,William Penn El Sch,0,0,1
2555,Bainbridge El Sch,0,0,1
8190,Bear Creek School,0,0,1
2561,East High Street El Sch,0,0,1
6862,Elizabethtown Area MS,0,1,0
2562,Elizabethtown Area SHS,1,0,0
6417,Elk Lake El Sch,0,0,1
6418,Elk Lake JSHS,1,0,0
8166,Hartman Intrmd Sch,0,0,1
2675,Lincoln JSHS,1,0,0
8167,North Side Primary School,0,0,1
8165,Perry Lower Intrmd Sch,0,0,1
8028,Environmental CS at Frick Park,1,0,0
2564,Akron El Sch,0,0,1
2568,Clay El Sch,0,0,1
8458,Ephrata Intermediate Sch,0,0,1
6712,Ephrata MS,0,1,0
6293,Ephrata SHS,1,0,0
2563,Fulton El Sch,0,0,1
2570,Highland El Sch,0,0,1
2003,Diehl Sch,0,0,1
8419,East MS,0,1,0
2004,Edison El Sch,0,0,1
8417,Erie HS,1,0,0
2001,Grover Cleveland El Sch,0,0,1
2009,Harding Sch,0,0,1
2011,Jefferson El Sch,0,0,1
2021,JoAnna Connell Sch,0,0,1
2013,Lincoln El Sch,0,0,1
2016,McKinley El Sch,0,0,1
7515,Northwest PA Collegiate Academy,0,0,1
2018,Perry El Sch,0,0,1
7035,Pfeiffer-Burleigh Sch,0,0,1
8420,Strong Vincent MS,0,1,0
2025,Woodrow Wilson MS,0,1,0
5045,Erie County Technical School,0,0,1
8163,Erie Rise Leadership Academy CS,1,0,0
7665,Esperanza Academy CS,1,0,0
8216,Esperanza Cyber CS,1,0,0
7564,Eugenio Maria DE Hostos CS,1,0,0
735,Breezewood El Sch,0,0,1
7006,Everett Area El Sch,0,0,1
7897,Everett Area HS,1,0,0
7898,Everett Area MS,0,1,0
7866,Evergreen Community CS,1,0,0
8325,Executive Education Academy CS,1,0,0
787,Exeter Twp JHS,1,0,0
788,Exeter Twp SHS,1,0,0
6731,Jacksonwald El Sch,0,0,1
786,Lorane El Sch,0,0,1
783,Owatin Creek El Sch,0,0,1
7755,Reiffton Sch,0,0,1
6270,Fairfield Area El Sch,0,0,1
6269,Fairfield Area HS,1,0,0
7322,Fairfield Area MS,0,1,0
7466,Fairview El Sch,0,0,1
6737,Fairview HS,1,0,0
2032,Fairview MS,0,1,0
6826,Fannett-Metal El Sch,0,0,1
7508,Fannett-Metal MS,0,1,0
2201,Fannett-Metal SHS,1,0,0
7119,Farrell Area ES/LMS,0,1,0
5248,Farrell Area HS/UMS,1,1,0
4842,Fayette County Career & Technical Instit,0,0,1
7746,Fell CS,1,0,0
1225,Ferndale Area JSHS,1,0,0
1223,Ferndale El Sch,0,0,1
7744,First Philadelphia Preparatory CS,1,0,0
791,Andrew Maier El Sch,0,0,1
6311,Fleetwood MS,0,1,0
5023,Fleetwood SHS,1,0,0
8057,Willow Creek El Sch,0,0,1
7857,Folk Arts-Cultural Treasures CS,1,0,0
5016,Forbes Road CTC,0,0,1
6840,Forbes Road El Sch,0,0,1
2246,Forbes Road JSHS,1,0,0
6160,East Forest El Sch,0,0,1
6159,East Forest JSHS,1,0,0
6701,West Forest El Sch,0,0,1
6161,West Forest JSHS,1,0,0
6420,Forest City Regional El Sch,0,0,1
6419,Forest City Regional HS,1,0,0
6899,Forest Hills El Sch,0,0,1
8382,Forest Hills JSHS,1,0,0
7187,Fort Cherry El Ctr,0,0,1
4242,Fort Cherry JSHS,1,0,0
5328,Fort LeBoeuf MS,0,1,0
2037,Fort LeBoeuf SHS,1,0,0
5226,Mill Village El Sch,0,0,1
2036,Robison El Sch,0,0,1
2035,Waterford El Sch,0,0,1
147,Dorseyville MS,0,1,0
149,Fairview El Sch,0,0,1
156,Fox Chapel Area HS,1,0,0
6780,Hartwood El Sch,0,0,1
153,Kerr El Sch,0,0,1
461,OHara El Sch,0,0,1
4667,Central El Sch,0,0,1
4106,Franklin Area JSHS,1,0,0
4101,Sandycreek El Sch,0,0,1
6166,Victory El Sch,0,0,1
5119,Franklin County CTC,0,0,1
7163,Franklin Regional Intermediate Sch,0,0,1
7602,Franklin Regional MS,0,1,0
4357,Franklin Regional Primary Sch,0,0,1
4360,Franklin Regional SHS,1,0,0
8123,Franklin Towne Charter Elementary School,0,0,1
7666,Franklin Towne CHS,1,0,0
6686,Frazier El Sch,0,0,1
2126,Frazier HS,1,0,0
7176,Frazier MS,0,1,0
8150,Frederick Douglass Mastery CS,1,0,0
8357,Freedom Area El Sch,0,0,1
8356,Freedom Area MS,0,1,0
6563,Freedom Area SHS,1,0,0
591,Buffalo El Sch,0,0,1
8346,Freeport Area MS,0,1,0
594,Freeport Area SHS,1,0,0
592,South Buffalo El Sch,0,0,1
7586,Freire CS,1,0,0
7192,Fulton County Center for Career and Tech,1,0,0
6223,Galeton Area Sch,0,0,1
7714,Bethel Springs El Sch,0,0,1
6506,Concord El Sch,0,0,1
7486,Garnet Valley El Sch,0,0,1
1869,Garnet Valley HS,1,0,0
7313,Garnet Valley MS,0,1,0
161,Dr Cleveland Steward Jr El Sch,0,0,1
157,Evergreen El Sch,0,0,1
170,Gateway SHS,1,0,0
8489,Moss Side MS,0,1,0
5191,Ramsey El Sch,0,0,1
165,University Park El Sch,0,0,1
2038,Edinboro El Sch,0,0,1
2040,General McLane HS,1,0,0
5225,James W Parker MS,0,1,0
2039,McKean El Sch,0,0,1
8176,Franklin Twp El Sch,0,0,1
6271,Gettysburg Area HS,1,0,0
10,Gettysburg Area MS,0,1,0
5126,James Gettys El Sch,0,0,1
7592,Lincoln El Sch,0,0,1
8147,Gettysburg Montessori CS,1,0,0
8161,Gillingham Charter School,0,0,1
2042,Elk Valley El Sch,0,0,1
2043,Girard HS,1,0,0
6777,Rice Avenue MS,0,1,0
6952,Glendale El Sch,0,0,1
5219,Glendale JSHS,1,0,0
7639,Global Leadership Academy CS,1,0,0
8390,Global Leadership Academy CS Southwest a,1,0,0
793,Brecknock El Sch,0,0,1
794,Cumru El Sch,0,0,1
801,Governor Mifflin MS,0,1,0
802,Governor Mifflin SHS,1,0,0
6794,Intermediate Sch,0,0,1
8096,Mifflin Park El Sch,0,0,1
1368,Charlestown El Sch,0,0,1
7695,General Wayne El Sch,0,0,1
1424,Great Valley HS,1,0,0
1422,Great Valley MS,0,1,0
6479,Kathryn D. Markley El Sch,0,0,1
1461,Sugartown El Sch,0,0,1
6193,Greater Altoona CTC,0,0,1
5288,Greater Johnstown CTC,0,0,1
8405,Greater Johnstown El Sch,0,0,1
1252,Greater Johnstown MS,0,1,0
8314,Greater Johnstown School District's Cybe,0,0,1
1251,Greater Johnstown SHS,1,0,0
4379,Baggaley El Sch,0,0,1
6957,Greater Latrobe JHS,1,0,0
4845,Greater Latrobe SHS,1,0,0
4386,Latrobe El Sch,0,0,1
4380,Mountain View El Sch,0,0,1
7768,GNA El Ctr,0,0,1
8430,Greater Nanticoke Area Ed Ctr,0,0,1
5242,Greater Nanticoke Area SHS,1,0,0
8429,Kennedy Early Childhood Center,1,0,0
7748,Green Woods CS,1,0,0
2202,Greencastle-Antrim El Sch,0,0,1
5117,Greencastle-Antrim MS,0,1,0
7427,Greencastle-Antrim Pri Sch,0,0,1
2206,Greencastle-Antrim SHS,1,0,0
5282,Greene County CTC,0,0,1
7329,Amos K Hutchinson El Sch,0,0,1
4373,Greensburg-Salem HS,1,0,0
4372,Greensburg-Salem MS,0,1,0
5166,Metzgar El Sch,0,0,1
5165,Nicely El Sch,0,0,1
8428,Greenville El Sch,0,0,1
3137,Greenville JSHS,1,0,0
7062,Greenwood El Sch,0,0,1
6341,Greenwood HS,1,0,0
7468,Greenwood MS,0,1,0
8409,Grove City Area George Jr El Sch,0,0,1
6125,Grove City Area George Jr HS,1,0,0
7316,Grove City Area George Jr MS,0,1,0
3145,Grove City Area HS,1,0,0
8202,Grove City Area MS,0,1,0
6844,Hillview El Sch,0,0,1
5038,Halifax Area El Sch,0,0,1
6330,Halifax Area HS,1,0,0
6331,Halifax Area MS,0,1,0
808,Hamburg Area HS,1,0,0
7447,Hamburg Area Middle School,0,0,1
809,Perry El Sch,0,0,1
7992,Tilden El Center,1,0,0
175,Central El Sch,0,0,1
5190,Hampton HS,1,0,0
179,Hampton MS,0,1,0
178,Poff El Sch,0,0,1
176,Wyland El Sch,0,0,1
2891,Hanover Area JSHS,1,0,0
7007,Hanover Area Memorial El Sch,0,0,1
8199,Hanover Green El Sch,0,0,1
2888,Lee Park El Sch,0,0,1
8479,Lyndwood El Sch,0,0,1
4565,Clearview El Sch,0,0,1
4570,Hanover MS,0,1,0
4571,Hanover SHS,1,0,0
4566,Hanover Street El Sch,0,0,1
4568,Washington El Sch,0,0,1
7511,Harambee Institute of Science and Techno,0,0,1
2047,Clark El Sch,0,0,1
2048,Harbor Creek Junior HS,1,0,0
7948,Harbor Creek Senior HS,1,0,0
2046,Klein El Sch,0,0,1
5227,Rolling Ridge El Sch,0,0,1
7195,Harmony Area El Sch,0,0,1
8316,Harmony Area JSHS,1,0,0
8268,Benjamin Franklin Sch,0,0,1
8264,Camp Curtin Academy,0,0,1
8376,Cougar Academy,0,0,1
8265,Downey Sch,0,0,1
1766,Foose Sch,0,0,1
6333,Harrisburg HS,1,0,0
7902,Harrisburg HS - SciTech Cmp,1,0,0
8266,Marshall Academy,0,0,1
7901,Marshall Math Science Academy,0,0,1
8267,Melrose Sch,0,0,1
7623,Rowland Academy,0,0,1
7667,Scott Sch,0,0,1
5079,Blair Mill El Sch,0,0,1
8483,Crooked Billet El Sch,0,0,1
3271,Hallowell El Sch,0,0,1
3272,Hatboro-Horsham SHS,1,0,0
6639,Keith Valley MS,0,1,0
3270,Simmons El Sch,0,0,1
1871,Chatham Park El Sch,0,0,1
1876,Chestnutwold El Sch,0,0,1
1877,Coopertown El Sch,0,0,1
1878,Haverford MS,0,1,0
1879,Haverford SHS,1,0,0
1874,Lynnewood El Sch,0,0,1
1875,Manoa El Sch,0,0,1
5151,Hazleton Area Career Center,1,0,0
7937,Arthur Street El Sch,0,0,1
7661,Drums El/MS,0,1,0
6718,Freeland El/MS,0,1,0
8333,Hazle Township Early Learning Center,1,0,0
7348,Hazleton Area HS,1,0,0
7936,Hazleton El/MS,0,1,0
6930,Heights Terrace El/MS,0,1,0
8334,Maple Manor El/MS,0,1,0
8245,McAdoo-Kelayres El/MS,0,1,0
7340,Valley El/MS,0,1,0
7569,West Hazleton El/MS,0,1,0
4389,Fort Allen El Sch,0,0,1
7268,Harrold MS,0,1,0
4404,Hempfield Area SHS,1,0,0
4394,Maxwell El Sch,0,0,1
5359,Stanwood El Sch,0,0,1
7269,Wendover MS,0,1,0
4399,West Hempfield El Sch,0,0,1
7270,West Hempfield MS,0,1,0
4400,West Point El Sch,0,0,1
5236,Centerville El Sch,1,0,0
5055,Centerville MS,1,1,0
2574,East Petersburg El Sch,0,0,1
2577,Farmdale El Sch,0,0,1
2578,Hempfield SHS,1,0,0
6294,Landisville Intrmd Ctr,0,0,1
7421,Landisville MS,0,1,0
7442,Landisville Pri Ctr,0,0,1
2576,Mountville El Sch,0,0,1
2575,Rohrerstown El Sch,0,0,1
3146,Artman El Sch,0,0,1
8069,Delahunty MS,0,1,0
3150,Hickory HS,1,0,0
3147,Karen A. Ionta El Sch,0,0,1
182,Highlands Early Childhood Center,1,0,0
191,Highlands El Sch,0,0,1
7202,Highlands MS,0,1,0
5153,Highlands SHS,1,0,0
7097,Charles W Longer El Sch,0,0,1
7381,Foot of Ten El Sch,0,0,1
6195,Frankstown El Sch,0,0,1
927,Hollidaysburg Area JHS,1,0,0
5207,Hollidaysburg Area SHS,1,0,0
6797,Homer-Center El Sch,1,0,0
2331,Homer-Center JSHS,1,0,0
8154,HOPE for Hyndman CS,1,0,0
672,Hopewell El Sch,0,0,1
674,Hopewell JHS,1,0,0
675,Hopewell SHS,1,0,0
671,Independence El Sch,0,0,1
7280,Margaret Ross El Sch,0,0,1
8209,Howard Gardner Multiple Intelligence CS,1,0,0
5333,Huntingdon Area MS,0,1,0
2305,Huntingdon Area SHS,1,0,0
7525,Southside El Sch,0,0,1
7620,Standing Stone El Sch,0,0,1
6606,Huntingdon County CTC,0,0,1
7542,Imhotep Institute CHS,1,0,0
7683,Independence CS,1,0,0
8361,Independence CS West,1,0,0
2314,Ben Franklin El Sch,0,0,1
4964,East Pike El Sch,0,0,1
2321,Eisenhower El Sch,0,0,1
2322,Horace Mann El Sch,0,0,1
2324,Indiana Area JHS,1,0,0
2325,Indiana Area SHS,1,0,0
7032,Indiana County Technology Center,1,0,0
7765,Infinity CS,1,0,0
8371,Innovative Arts Academy CS,1,0,0
7557,Inquiry CS,1,0,0
8394,Insight PA Cyber CS,1,0,0
1881,Glenolden Sch,0,0,1
1885,Interboro SHS,1,0,0
7643,Kindergarten Academy,0,0,1
1883,Norwood Sch,0,0,1
6508,Prospect Park Sch,0,0,1
4847,Tinicum Sch,0,0,1
0,Intermediate Unit 1,0,0,1
2052,Iroquois El Sch,0,0,1
4817,Iroquois JSHS,1,0,0
6127,Jamestown Area El Sch,0,0,1
6126,Jamestown Area JSHS,1,0,0
8421,Jeannette HS,1,0,0
8024,Jeannette McKee El Sch,0,0,1
5180,Jefferson County-DuBois AVTS,0,0,1
7029,Jefferson-Morgan El Sch,0,0,1
2280,Jefferson-Morgan MS/HS,1,1,0
3276,Jenkintown El Sch,0,0,1
8049,Jenkintown Middle/High School,0,0,1
3031,Avis El Sch,0,0,1
5243,Jersey Shore Area El Sch,0,0,1
3034,Jersey Shore Area SHS,1,0,0
3033,Jersey Shore MS,0,1,0
5060,Salladasburg El Sch,0,0,1
1307,Jim Thorpe Area HS,1,0,0
6965,L B Morris El Sch,0,0,1
7785,Penn-Kidder Campus,0,0,1
5326,Johnsonburg Area El Sch,0,0,1
6218,Johnsonburg Area HS,1,0,0
8452,East Juniata El Sch,0,0,1
2394,East Juniata JSHS,1,0,0
8451,Juniata El Sch,0,0,1
6255,Juniata SHS,1,0,0
7220,Tuscarora MS,0,1,0
5230,Juniata Valley El Sch,0,0,1
2308,Juniata Valley JSHS,1,0,0
5244,Kane Area El Sch,0,0,1
5245,Kane Area HS,1,0,0
3100,Kane Area MS,0,1,0
1153,Chicora El Sch,0,0,1
1154,Karns City HS,1,0,0
7396,Sugarcreek El Sch,0,0,1
8172,Bancroft El Sch,0,0,1
1401,Greenwood El Sch,0,0,1
6482,Kennett HS,1,0,0
6834,Kennett MS,0,1,0
8171,Mary D Lang Kdg Ctr,0,0,1
1400,New Garden El Sch,0,0,1
7979,Keystone Academy CS,1,0,0
7067,Keystone Central CTC,0,0,1
7795,Bucktail Area MS,0,1,0
6241,Bucktail HS,1,0,0
7589,Central Mountain HS,1,0,0
7590,Central Mountain MS,0,1,0
4917,Liberty-Curtin El Sch,0,0,1
1570,Mill Hall El Sch,0,0,1
6242,Renovo El Sch,0,0,1
6245,Robb El Sch,0,0,1
1588,Woodward El Sch,0,0,1
7506,Keystone Education Center CS,1,0,0
7461,Dormont El Sch,0,0,1
203,Fred L Aiken El Sch,0,0,1
5112,Keystone Oaks HS,1,0,0
7462,Keystone Oaks MS,0,1,0
204,Myrtle Ave Sch,0,0,1
6694,Keystone El Sch,0,0,1
1486,Keystone JSHS,1,0,0
8358,KIPP DuBois CS,1,0,0
8431,KIPP North Philadelphia CS,1,0,0
7776,KIPP Philadelphia CS,1,0,0
8499,KIPP Philadelphia Octavius Catto CS,1,0,0
8477,KIPP West Philadelphia CS,1,0,0
7191,Kiski Area East Primary Sch,0,0,1
4431,Kiski Area HS,1,0,0
7189,Kiski Area IHS,1,0,0
7190,Kiski Area North Primary Sch,0,0,1
4516,Kiski Area South Primary Sch,0,0,1
8277,Kiski Area Upper El Sch,0,0,1
1177,Knoch HS,1,0,0
7718,Knoch Intermediate El Sch,0,0,1
7460,Knoch MS,0,1,0
7717,Knoch Primary Sch,0,0,1
810,Greenwich-Lenhartsville El Sch,0,0,1
6315,Kutztown Area MS,0,1,0
816,Kutztown Area SHS,1,0,0
6316,Kutztown El Sch,0,0,1
7538,La Academia Partnership CS,1,0,0
7565,Laboratory CS,1,0,0
4524,Lackawanna Trail El Ctr,0,0,1
4528,Lackawanna Trail JSHS,1,0,0
7146,Lakeland El Sch - Mayfield Campus,0,0,1
6403,Lakeland El Sch - Scott Campus,0,0,1
6404,Lakeland JSHS,1,0,0
2924,Lake-Lehman JSHS,1,0,0
7060,Lake-Noxen El Sch,0,0,1
2922,Lehman-Jackson El Sch,0,0,1
2920,Ross El Sch,0,0,1
8481,Lakeview Middle-HS,1,0,0
3154,Oakview El Sch,0,0,1
2606,Hans Herr El Sch,0,0,1
7939,Lampeter El Sch,0,0,1
2607,Lampeter-Strasburg SHS,1,0,0
6297,Martin Meylin MS,0,1,0
5285,Lancaster County CTC-Brownstown Campus,0,0,1
5283,Lancaster County CTC-Mt Joy Campus,0,0,1
5284,Lancaster County CTC-Willow St Campus,0,0,1
2598,Burrowes El Sch,0,0,1
7182,Carter and MacRae El Sch,0,0,1
2581,Fulton El Sch,0,0,1
2592,Hamilton El Sch,0,0,1
2593,Jackson MS,0,1,0
5056,King El Sch,0,0,1
2584,Lafayette El Sch,0,0,1
2595,Lincoln MS,0,1,0
2599,Martin School,0,0,1
2596,McCaskey Campus,0,0,1
7922,Phoenix Academy,0,0,1
6762,Price El Sch,0,0,1
2594,Reynolds MS,0,1,0
2587,Ross El Sch,0,0,1
2597,Smith-Wade-El El Sch,0,0,1
2589,Washington El Sch,0,0,1
2590,Wharton El Sch,0,0,1
2600,Wheatland MS,0,1,0
2591,Wickersham El Sch,0,0,1
0,Lancaster-Lebanon IU 13,0,0,1
2146,Clark El Sch,0,0,1
2163,Hatfield El Sch,0,0,1
4700,Hutchinson El Sch,0,0,1
5146,Laurel Highlands MS,0,1,0
6600,Laurel Highlands SHS,1,0,0
4820,Marshall El Sch,0,0,1
7001,Laurel El Sch,0,0,1
2680,Laurel HS,1,0,0
8432,Laurel MS,0,1,0
4940,Lawrence County CTC,0,0,1
5156,Lebanon County CTC,0,0,1
6616,Harding El Sch,0,0,1
5337,Houck El Sch,0,0,1
2754,Lebanon MS,0,1,0
5155,Lebanon SHS,1,0,0
6894,Northwest El Sch,0,0,1
2746,Southeast El Sch,0,0,1
2743,Southwest El Sch,0,0,1
6579,David Leech El Sch,0,0,1
7923,Leechburg Area HS,1,0,0
8393,Leechburg Area MS,0,1,0
5338,Lehigh Career & Technical Institute,0,0,1
7681,Lehigh Valley Academy Regional CS,1,0,0
7634,Lehigh Valley Charter High School for th,0,0,1
8130,Lehigh Valley Dual Language CS,1,0,0
8439,Lehighton Area Elementary Center,1,0,0
1315,Lehighton Area HS,1,0,0
1314,Lehighton Area MS,0,1,0
4807,Lenape Tech,0,0,1
4665,Donald H Eichhorn MS,0,1,0
4084,Kelly El Sch,0,0,1
4085,Lewisburg HS,1,0,0
4081,Linntown El Sch,0,0,1
8486,Life Male STEAM Academy CS,1,0,0
6940,Laurel Valley El Sch,0,0,1
4442,Ligonier Valley HS,1,0,0
4440,Ligonier Valley MS,0,1,0
5361,Mellon El Sch,0,0,1
7675,Lincoln CS,1,0,0
0,Lincoln IU 12,0,0,1
8125,Lincoln Leadership Academy CS,1,0,0
7859,Lincoln Park Performing Arts CS,1,0,0
8206,Lindley Academy CS at Birney,1,0,0
6786,Line Mountain El Sch,0,0,1
3532,Line Mountain HS,1,0,0
8286,Line Mountain MS,0,1,0
8406,Alloway Creek El Sch,0,0,1
14,Littlestown SHS,1,0,0
13,Maple Avenue MS,0,1,0
1747,Conewago El Sch,0,0,1
1752,East Hanover El Sch,0,0,1
1775,Londonderry El Sch,0,0,1
1776,Lower Dauphin HS,1,0,0
7414,Lower Dauphin MS,0,1,0
1774,Nye El Sch,0,0,1
7844,Price,0,0,1
1797,South Hanover El Sch,0,0,1
3293,Bala-Cynwyd MS,0,1,0
7597,Belmont Hills El Sch,0,0,1
8500,Black Rock MS,0,1,0
3286,Cynwyd Sch,0,0,1
3291,Gladwyne Sch,0,0,1
3296,Harriton SHS,1,0,0
3295,Lower Merion HS,1,0,0
3287,Merion El Sch,0,0,1
3288,Penn Valley Sch,0,0,1
3289,Penn Wynne Sch,0,0,1
3294,Welsh Valley MS,0,1,0
4960,Lower Moreland HS,1,0,0
7212,Murray Avenue Sch,0,0,1
3297,Pine Road El Sch,0,0,1
3036,Donald E. Schick Sch,0,0,1
3037,Loyalsock Twp MS,0,1,0
4828,Loyalsock Twp SHS,1,0,0
7149,Loysville Youth Dev Ctr,0,0,1
0,Luzerne IU 18,0,0,1
7291,Lycoming CTC,0,0,1
7223,Mahanoy Area El Sch,0,0,1
8403,Mahanoy Area JSHS,1,0,0
7549,Manchester Academic CS,1,0,0
8461,Baron EL Sch,0,0,1
8422,Doe Run El Sch,0,0,1
7953,Manheim Central MS,0,1,0
2618,Manheim Central SHS,1,0,0
2619,Brecht Sch,0,0,1
6733,Bucher Sch,0,0,1
8246,Landis Run Intermediate School,0,0,1
2623,Manheim Twp HS,1,0,0
5114,Manheim Twp MS,0,1,0
2621,Neff Sch,0,0,1
4708,Nitrauer Sch,0,0,1
7383,Reidenbaugh El Sch,0,0,1
2620,Schaeffer Sch,0,0,1
7672,Mariana Bracetti Academy CS,1,0,0
2339,Marion Center Area JR/SR HS,1,0,0
8066,Rayne El Sch,0,0,1
8138,W.A. McCreery El Sch,0,0,1
7777,Maritime Academy CS,1,0,0
1898,Culbertson El Sch,0,0,1
1899,Loomis El Sch,0,0,1
1902,Marple Newtown SHS,1,0,0
1901,Paxon Hollow MS,0,1,0
1894,Russell El Sch,0,0,1
1896,Worrall El Sch,0,0,1
7929,Mars Area Centennial Sch,0,0,1
1155,Mars Area El Sch,0,0,1
5363,Mars Area MS,0,1,0
1158,Mars Area Primary Ctr,0,0,1
1159,Mars Area SHS,1,0,0
7574,MAST Community CS,1,0,0
8360,MaST Community CS II,1,0,0
8453,MaST Community CS III,1,0,0
7678,Mastery CHS-Lenfest Campus,1,0,0
8365,Mastery CS John Wister Elementary,1,0,0
8259,Mastery CS-Cleveland Elementary,1,0,0
8208,Mastery CS-Clymer Elementary,1,0,0
8288,Mastery CS-Francis D. Pastorius Elementa,1,0,0
8207,Mastery CS-Gratz Campus,1,0,0
7588,Mastery CS-Hardy Williams,1,0,0
8153,Mastery CS-Harrity Campus,1,0,0
8152,Mastery CS - Mann Campus,1,0,0
7961,Mastery CS-Pickett Campus,1,0,0
7909,Mastery CS -Shoemaker Campus,1,0,0
8151,Mastery CS-Smedley Campus,1,0,0
7910,Mastery CS - Thomas Campus,1,0,0
8427,Mastery Prep Elementary CS,1,0,0
7582,Math Civics and Sciences CS,1,0,0
4248,Claysville El Sch,0,0,1
4244,Joe Walker El Sch,0,0,1
4249,McGuffey HS,1,0,0
6976,McGuffey MS,0,1,0
7673,Founders Hall Middle Sch,0,0,1
8400,Francis McClure El Sch,0,0,1
6105,McKeesport Area SHS,1,0,0
8399,Twin Rivers El Sch,0,0,1
6672,McKeesport Area Tech Ctr,0,0,1
1709,Broad Street El Sch,0,0,1
7837,Elmwood Academy,0,0,1
8008,Kindergarten Academy,0,0,1
5098,Mechanicsburg Area SHS,1,0,0
1715,Mechanicsburg MS,0,1,0
5021,Northside El Sch,0,0,1
1711,Shepherdstown El Sch,0,0,1
4851,Upper Allen El Sch,0,0,1
8257,Memphis Street Academy CS @ JP Jones,1,0,0
3157,Mercer Area El Sch,0,0,1
7792,Mercer Area MS,0,1,0
3158,Mercer Area SHS,1,0,0
6744,Mercer County Career Center,1,0,0
6716,Arcola Intrmd Sch,0,0,1
6845,Arrowhead El Sch,0,0,1
3303,Eagleville El Sch,0,0,1
3305,Methacton HS,1,0,0
8139,Skyview Upper El Sch,0,0,1
5252,Woodland El Sch,0,0,1
7573,Worcester El Sch,0,0,1
6208,Meyersdale Area El Sch,0,0,1
3994,Meyersdale Area HS,1,0,0
7613,Meyersdale Area MS,0,1,0
2423,Mid Valley El Ctr,0,0,1
8304,Mid Valley Secondary Center,1,0,0
5175,Middle Bucks Institute of Technology,0,0,1
8005,Fink El Sch,0,0,1
1788,Kunkel El Sch,0,0,1
1790,Middletown Area HS,1,0,0
1785,Middletown Area MS,0,1,0
7756,Robert Reid El Sch,0,0,1
3961,Middleburg El Sch,0,0,1
3962,Midd-West HS,1,0,0
7799,Midd-West MS,0,1,0
8232,West Snyder El Sch,0,0,1
6566,Midland El/MS,0,1,0
8496,Midland Innovation & Technology CS,1,0,0
0,Midwestern IU 4,0,0,1
8307,Mifflin County Academy of Science and Te,0,0,1
6261,East Derry El Sch,0,0,1
8182,Indian Valley El Sch,0,0,1
8183,Indian Valley Intrmd Sch,0,0,1
7789,Lewistown El Sch,0,0,1
8184,Lewistown Intrmd Sch,0,0,1
8187,Mifflin Co HS,1,0,0
8186,Mifflin Co JHS,1,0,0
8185,Mifflin Co MS,0,1,0
3196,Strodes Mills El Sch,0,0,1
7863,Mifflinburg Area Intrmd Sch,0,0,1
6809,Mifflinburg Area MS,0,1,0
4091,Mifflinburg Area SHS,1,0,0
6360,Mifflinburg El Sch,0,0,1
2053,Asbury El Sch,0,0,1
2054,Belle Valley El Sch,0,0,1
4724,Chestnut Hill El Sch,0,0,1
5329,Grandview El Sch,0,0,1
4954,James S Wilson MS,0,1,0
8071,McDowell HS,1,0,0
2059,Tracy El Sch,0,0,1
7384,Walnut Creek MS,0,1,0
2062,Westlake MS,0,1,0
1793,Lenkerville El Sch,0,0,1
6682,Millersburg Area MS,0,1,0
1794,Millersburg Area SHS,1,0,0
7064,Millville Area El Sch,0,0,1
1623,Millville Area JSHS,1,0,0
5353,James F Baugher El Sch,0,0,1
6863,Milton Area MS,0,1,0
3541,Milton HS,1,0,0
3537,White Deer El Sch,0,0,1
4836,Early Childhood Edu Ctr,0,0,1
6699,Minersville Area El Ctr,0,0,1
6583,Minersville Area JSHS,1,0,0
7108,Mohawk El Sch,0,0,1
8404,Mohawk JHS,1,0,0
2686,Mohawk SHS,1,0,0
6635,Mon Valley CTC,0,0,1
4444,Monessen El Ctr,0,0,1
7399,Monessen MS,0,1,0
6181,Monessen SHS,1,0,0
6605,Dassa McKinney El Sch,0,0,1
1164,Moniteau JSHS,1,0,0
6674,Monroe Career & Tech Inst,0,0,1
7800,Montessori Regional CS,1,0,0
3039,Montgomery El Sch,0,0,1
3040,Montgomery JSHS,1,0,0
0,Montgomery County IU 23,0,0,1
8177,David E Williams MS,0,1,0
8418,Montour El Sch,0,0,1
5017,Montour HS,1,0,0
5343,C E McCall MS,0,1,0
3044,Loyalsock Valley El Sch,0,0,1
3042,Lyter El Sch,0,0,1
3045,Montoursville Area SHS,1,0,0
5354,Choconut Valley El Sch,0,0,1
6421,Lathrop Street El Sch,0,0,1
4044,Montrose Area JSHS,1,0,0
240,Bon Meade El Sch,0,0,1
7441,J H Brooks El Sch,0,0,1
8347,J.A. Allard El Sch,0,0,1
7952,McCormick El Sch,0,0,1
8253,Moon Area Lower MS,0,1,0
8254,Moon Area Upper MS,0,1,0
4951,Moon SHS,1,0,0
8370,Richard J. Hyde El Sch,0,0,1
8112,Grandview El Sch,0,0,1
8381,Morrisville HS,1,0,0
8380,Morrisville Intermediate Sch,0,0,1
6929,Moshannon Valley El Sch,0,0,1
1550,Moshannon Valley JSHS,1,0,0
7498,Mount Carmel Area El Sch,0,0,1
6936,Mount Carmel Area HS,1,0,0
8135,Mount Carmel Area JH,0,0,1
4454,Donegal El Sch,0,0,1
4458,Mount Pleasant Area HS,1,0,0
7791,Mount Pleasant Area JHS,1,0,0
4455,Norvelt El Sch,0,0,1
4457,Ramsay El Sch,0,0,1
2297,Mount Union Area JHS,1,0,0
7944,Mount Union Area SHS,1,0,0
7733,Mount Union-Kistler El Sch,0,0,1
2291,Shirley Twp El Sch,0,0,1
7339,Mountain View El Sch,0,0,1
4049,Mountain View JSHS,1,0,0
249,Foster El Sch,0,0,1
251,Hoover El Sch,0,0,1
248,Howe El Sch,0,0,1
250,Jefferson El Sch,0,0,1
7535,Jefferson MS,0,1,0
246,Lincoln El Sch,0,0,1
247,Markham El Sch,0,0,1
7534,Mellon MS,0,1,0
254,Mt Lebanon SHS,1,0,0
245,Washington El Sch,0,0,1
8006,C E Cole Intermediate Sch,0,0,1
4919,Muhlenberg El Ctr,0,0,1
6610,Muhlenberg HS,1,0,0
827,Muhlenberg Jr MS,0,1,0
7546,Multicultural Academy CS,1,0,0
3048,Muncy JSHS,1,0,0
3047,Ward L Myers El Sch,0,0,1
8054,Kenneth N Butz Jr El Sch,0,0,1
8055,Lower Nazareth El Sch,0,0,1
3495,Nazareth Area HS,1,0,0
8053,Nazareth Area Intermediate Sch,0,0,1
3494,Nazareth Area MS,0,1,0
8056,Shafer El Sch,0,0,1
5154,Buck El Sch,0,0,1
7128,Hoover El Sch,0,0,1
1069,Joseph E Ferderbar El Sch,0,0,1
7380,Maple Point MS,0,1,0
1071,Miller El Sch,0,0,1
6455,Neshaminy HS,1,0,0
1077,Poquessing MS,0,1,0
1076,Sandburg MS,0,1,0
1072,Schweitzer El Sch,0,0,1
8374,Tawanka El Sch,0,0,1
2689,Neshannock JSHS,1,0,0
2688,Neshannock Memorial El Sch,0,0,1
6720,New Brighton Area El Sch,0,0,1
695,New Brighton Area HS,1,0,0
694,New Brighton Area MS,0,1,0
8319,Harry W Lockley Early Learning Center,1,0,0
8284,New Castle JHS,1,0,0
2704,New Castle SHS,1,0,0
7164,Washington Intrmd Sch,0,0,1
7762,New Day CS,1,0,0
7649,New Foundations CS,1,0,0
1084,New Hope-Solebury HS,1,0,0
1082,New Hope-Solebury Lower El Sch,0,0,1
7561,New Hope-Solebury MS,0,1,0
7830,New Hope-Solebury Upper El Sch,0,0,1
8321,Berkey Sch,0,0,1
4466,Martin Sch,0,0,1
8322,Roy A. Hunt El Sch,0,0,1
8323,Valley JSHS,1,0,0
5260,Newport El Sch,0,0,1
7930,Newport HS,1,0,0
7931,Newport MS,0,1,0
7566,Nittany Valley CS,1,0,0
3263,Cole Manor El Sch,0,0,1
3265,East Norriton MS,0,1,0
3321,Eisenhower MS,0,1,0
5080,Gotwals El Sch,0,0,1
3318,Hancock El Sch,0,0,1
3408,Marshall Street El Sch,0,0,1
6729,Norristown Area HS,1,0,0
5253,Paul V Fly El Sch,0,0,1
8313,Ray S. Musselman Learning Center,1,0,0
6998,Roosevelt Campus of the Norristown Area,0,0,1
3320,Stewart MS,0,1,0
7364,Whitehall El Sch,0,0,1
263,Bradford Woods El Sch,0,0,1
5108,Carson MS,0,1,0
265,Franklin El Sch,0,0,1
6603,Hosack El Sch,0,0,1
266,Ingomar El Sch,0,0,1
270,Ingomar MS,0,1,0
7346,Marshall El Sch,0,0,1
7379,Marshall MS,0,1,0
268,McKnight El Sch,0,0,1
8305,North Allegheny HS,1,0,0
269,Peebles El Sch,0,0,1
7151,North Central Secure Trmnt Unt,0,0,1
5139,North Clarion Co El Sch,0,0,1
1489,North Clarion Co JSHS,1,0,0
4946,Earle C Davis Primary,0,0,1
6145,North East HS,1,0,0
6144,North East Intrmd El,0,0,1
7360,North East MS,0,1,0
8142,Highcliff El Sch,0,0,1
8052,McIntyre El Sch,0,0,1
6106,North Hills MS,0,1,0
7101,North Hills SHS,1,0,0
291,Ross El Sch,0,0,1
290,West View El Sch,0,0,1
4958,North Montco Tech Career Center,1,0,0
7406,Bridle Path El Sch,0,0,1
6907,General Nash El Sch,0,0,1
7314,Gwynedd Square El Sch,0,0,1
4831,Gwyn-Nor El Sch,0,0,1
5344,Hatfield El Sch,0,0,1
3379,Inglewood El Sch,0,0,1
3309,Knapp El Sch,0,0,1
3275,Kulp El Sch,0,0,1
4830,Montgomery El Sch,0,0,1
5345,North Penn SHS,1,0,0
3325,North Wales El Sch,0,0,1
3280,Oak Park El Sch,0,0,1
3322,Pennbrook MS,0,1,0
3324,Penndale MS,0,1,0
3323,Pennfield MS,0,1,0
7407,Walton Farm El Sch,0,0,1
3278,York Avenue El Sch,0,0,1
8097,Jefferson El Sch,0,0,1
8098,Moscow El Sch,0,0,1
2446,North Pocono HS,1,0,0
8099,North Pocono Intmd Sch,0,0,1
5233,North Pocono MS,0,1,0
7950,North Schuylkill Elem Sch,0,0,1
3883,North Schuylkill JSHS,1,0,0
4837,North Star Central El Sch,0,0,1
7259,North Star East MS,0,1,0
3988,North Star HS,1,0,0
7430,Colonel John Siegfried El Sch,0,0,1
5062,George Wolf El Sch,0,0,1
3499,Lehigh El Sch,0,0,1
3500,Moore El Sch,0,0,1
3505,Northampton Area HS,1,0,0
5258,Northampton Area MS,0,1,0
5209,Northeast Bradford El Sch,0,0,1
964,Northeast Bradford JSHS,1,0,0
0,Northeastern Educational IU 19,0,0,1
4572,Conewago El Sch,0,0,1
7375,Mt Wolf El Sch,0,0,1
4578,Northeastern MS,0,1,0
4577,Northeastern SHS,1,0,0
5272,Orendorf El Sch,0,0,1
7962,Shallow Brook Inter Sch,0,0,1
7644,Spring Forge Intrd Sch,0,0,1
4576,York Haven El Sch,0,0,1
7167,Northern Bedford Co El Sch,0,0,1
8436,Northern Bedford County HS,1,0,0
8435,Northern Bedford County MS,0,1,0
6859,Northern Cambria El Sch,0,0,1
6201,Northern Cambria HS,1,0,0
6860,Northern Cambria MS,0,1,0
2758,East Hanover El Sch,0,0,1
2755,Fredericksburg El Sch,0,0,1
2757,Jonestown El Sch,0,0,1
2756,Lickdale El Sch,0,0,1
8310,Northern Lebanon MS,0,1,0
2760,Northern Lebanon SHS,1,0,0
6829,Northern Lehigh MS,0,1,0
2818,Northern Lehigh SHS,1,0,0
2813,Peters El Sch,0,0,1
6727,Slatington El Sch,0,0,1
6931,Northern Potter Childrens Sch,0,0,1
3875,Northern Potter JSHS,1,0,0
6908,Northern Tier Career Center,1,0,0
6371,Clark Wood El Sch,0,0,1
4058,Cowanesque Valley JSHS,1,0,0
4060,Russell B Walter El Sch,0,0,1
4057,Westfield Area El Sch,0,0,1
6373,Williamson SHS,1,0,0
6816,Northern Westmoreland CTC,0,0,1
4579,Dillsburg El Sch,0,0,1
4581,Northern El Sch,0,0,1
6345,Northern HS,1,0,0
6346,Northern MS,0,1,0
7572,South Mountain El Sch,0,0,1
4580,Wellsville Campus,0,0,1
30,Avalon El Sch,0,0,1
6977,Bellevue El Sch,0,0,1
53,Northgate MSHS,1,1,0
6353,Northumberland County CTC,0,0,1
2958,Northwest Area HS,1,0,0
2955,Northwest Area Intermediate Sch,0,0,1
2956,Northwest Area Primary Sch,0,0,1
0,Northwest Tri-County IU 5,0,0,1
6449,Northwestern Lehigh El Sch,0,0,1
2821,Northwestern Lehigh HS,1,0,0
7353,Northwestern Lehigh MS,0,1,0
2819,Weisenberg El Sch,0,0,1
5144,Northwestern El Sch,0,0,1
6146,Northwestern MS,0,1,0
6745,Northwestern SHS,1,0,0
2070,Springfield El Sch,0,0,1
7856,Northwood Academy CS,1,0,0
8101,Hahntown El Sch,0,0,1
7758,Hillcrest Intermediate Sch,0,0,1
4482,Norwin MS,0,1,0
4717,Norwin SHS,1,0,0
7757,Sheridan Terrace El Sch,0,0,1
5270,Stewartsville El Sch,0,0,1
7716,Sunset Valley El Sch,0,0,1
1414,Octorara Area JSHS,1,0,0
1413,Octorara El Sch,0,0,1
8004,Octorara Intermediate Sch,0,0,1
7656,Octorara Primary LC,0,0,1
4115,Hasson Heights Sch,0,0,1
7215,Oil City Area MS,0,1,0
4931,Oil City SHS,1,0,0
8235,Seventh Street Sch,0,0,1
4116,Smedley Street Sch,0,0,1
2448,Old Forge El Sch,0,0,1
2449,Old Forge JSHS,1,0,0
7378,Oley Valley El Sch,0,0,1
6319,Oley Valley MS,0,1,0
6318,Oley Valley SHS,1,0,0
3876,Oswayo Valley El Sch,0,0,1
3877,Oswayo Valley HS,1,0,0
7753,Oswayo Valley MS,0,1,0
3106,Otto-Eldred El Sch,0,0,1
3107,Otto-Eldred JSHS,1,0,0
7304,East Coventry El Sch,0,0,1
7198,East Vincent El Sch,0,0,1
7197,French Creek El Sch,0,0,1
6487,North Coventry El Sch,0,0,1
1406,Owen J Roberts HS,1,0,0
5010,Owen J Roberts MS,0,1,0
7994,West Vincent El Sch,0,0,1
8063,Elk Ridge School,0,0,1
8064,Hopewell El Sch,0,0,1
6624,Jordan Bank Sch,0,0,1
6623,Nottingham Sch,0,0,1
1420,Oxford Area HS,1,0,0
1418,Penn's Grove Sch,0,0,1
7063,Durham-Nockamixon El Sch,0,0,1
1094,Palisades HS,1,0,0
7312,Palisades MS,0,1,0
1091,Springfield El Sch,0,0,1
6456,Tinicum El Sch,0,0,1
4734,Palmerton Area HS,1,0,0
7140,Palmerton Area JHS,1,0,0
7993,Parkside Education Center,1,0,0
7172,S S Palmer El Sch,0,0,1
1319,Towamensing El Sch,0,0,1
2761,Forge Road El Sch,0,0,1
8157,Lingle Avenue El Sch,0,0,1
8162,Northside El Sch,0,0,1
2765,Palmyra Area MS,0,1,0
2766,Palmyra Area SHS,1,0,0
2764,Pine Street El Sch,0,0,1
7985,Pan American Academy CS,1,0,0
1322,Panther Valley El Sch,0,0,1
8349,Panther Valley Intermediate Sch,0,0,1
8348,Panther Valley JSHS,1,0,0
2824,Cetronia Sch,0,0,1
4672,Fogelsville Sch,0,0,1
8141,Fred J. Jaindl El Sch,0,0,1
2823,Ironton Sch,0,0,1
6801,Kernsville Sch,0,0,1
2827,Kratzer Sch,0,0,1
7604,Orefield MS,0,1,0
2829,Parkland HS,1,0,0
2826,Parkway Manor Sch,0,0,1
2825,Schnecksville Sch,0,0,1
7603,Springhouse MS,0,1,0
8474,Veterans Memorial El Sch,0,0,1
5274,Parkway West CTC,0,0,1
8308,Passport Academy CS,1,0,0
6439,Pen Argyl Area HS,1,0,0
3511,Plainfield El Sch,0,0,1
5351,Wind Gap MS,0,1,0
1213,Penn Cambria HS,1,0,0
7139,Penn Cambria Intrmd Sch,0,0,1
6990,Penn Cambria MS,0,1,0
6202,Penn Cambria Pre-Primary,0,0,1
1255,Penn Cambria Primary Sch,0,0,1
8160,Penn Hills CS of Entrepreneurship,1,0,0
5019,Linton MS,0,1,0
8327,Penn Hills El Sch,0,0,1
309,Penn Hills SHS,1,0,0
7141,Central Manor El Sch,0,0,1
2516,Conestoga El Sch,0,0,1
2629,Eshleman El Sch,0,0,1
2626,Hambright El Sch,0,0,1
2627,Letort El Sch,0,0,1
7410,Manor Middle School,0,0,1
2628,Martic El Sch,0,0,1
5238,Marticville MS,0,1,0
2633,Penn Manor HS,1,0,0
2634,Pequea El Sch,0,0,1
1630,Cambridge Springs El Sch,0,0,1
1629,Cambridge Springs JSHS,1,0,0
6137,Maplewood El Sch,0,0,1
6942,Maplewood JSHS,1,0,0
7278,Saegertown El Sch,0,0,1
6136,Saegertown JSHS,1,0,0
1911,Aston El Sch,0,0,1
1910,Coebourn El Sch,0,0,1
5143,Northley MS,0,1,0
1912,Parkside El Sch,0,0,1
5223,Pennell El Sch,0,0,1
1915,Sun Valley HS,1,0,0
1053,Bedminster El Sch,0,0,1
1054,Deibler El Sch,0,0,1
1055,Grasse El Sch,0,0,1
1097,Patricia A Guth El Sch,0,0,1
4681,Pennridge Central MS,0,1,0
1100,Pennridge HS,1,0,0
7957,Pennridge North MS,0,1,0
1099,Pennridge South MS,0,1,0
1098,Sellersville El Sch,0,0,1
1052,Seylar El Sch,0,0,1
7260,West Rockhill El Sch,0,0,1
7028,Penns Manor Area El Sch,0,0,1
2345,Penns Manor Area JSHS,1,0,0
1347,Centre Hall-Potter El Sch,0,0,1
1346,Miles Township El Sch,0,0,1
6847,Penns Valley Area El and Intrmd Sch,0,0,1
6231,Penns Valley Area JSHS,1,0,0
7519,Afton El Sch,0,0,1
7308,Charles H Boehm MS,0,1,0
4853,Edgewood El Sch,0,0,1
1111,Eleanor Roosevelt El Sch,0,0,1
7465,Fallsington El Sch,0,0,1
1109,Makefield El Sch,0,0,1
1107,Manor El Sch,0,0,1
1106,Oxford Valley El Sch,0,0,1
1101,Penn Valley El Sch,0,0,1
4682,Pennsbury HS,1,0,0
1116,Pennwood MS,0,1,0
1102,Quarry Hill El Sch,0,0,1
1112,Walt Disney El Sch,0,0,1
1113,William Penn MS,0,1,0
7650,Pennsylvania Cyber CS,1,0,0
7821,Pennsylvania Distance Learning CS,1,0,0
7819,Pennsylvania Leadership CS,1,0,0
8485,Pennsylvania STEAM Academy CS,1,0,0
7687,Pennsylvania Virtual CS,1,0,0
6185,Harrison Park El Sch,0,0,1
6186,Level Green El Sch,0,0,1
4490,McCullough El Sch,0,0,1
4492,Penn MS,0,1,0
6648,Penn Trafford HS,1,0,0
6187,Sunrise El Sch,0,0,1
7111,Trafford El Sch,0,0,1
6189,Trafford MS,0,1,0
7685,People for People CS,1,0,0
8037,Paradise El Sch,0,0,1
2649,Pequea Valley HS,1,0,0
6300,Pequea Valley Intrmd Sch,0,0,1
2648,Salisbury El Sch,0,0,1
7459,Evergreen El Sch,0,0,1
3328,Perkiomen Valley HS,1,0,0
3326,Perkiomen Valley MS-East,0,1,0
7794,Perkiomen Valley MS-West,0,1,0
7766,Schwenksville El Sch,0,0,1
7554,Skippack El Sch,0,0,1
3327,South El Sch,0,0,1
7770,Perseus House CS of Excellence,1,0,0
7594,Bower Hill El Sch,0,0,1
7393,McMurray El Sch,0,0,1
5083,Peters Twp HS,1,0,0
8488,Peters Twp MS,0,1,0
4255,Pleasant Valley El Sch,0,0,1
7587,Philadelphia Academy CS,1,0,0
7904,Academy at Palumbo,0,0,1
7256,Adaire Alexander Sch,0,0,1
5292,Allen Dr Ethel Sch,0,0,1
3758,Allen Ethan Sch,0,0,1
6823,Amy At Martin,0,0,1
7024,Amy NW,0,0,1
3804,Anderson Add B Sch,0,0,1
3805,Arthur Chester A Sch,0,0,1
8039,Arts Academy at Benjamin Rush,0,0,1
3618,Bache-Martin Sch,0,0,1
6824,Baldi C C A MS,0,1,0
8029,Barry Comm John Sch,0,0,1
3732,Barton Clara Sch,0,0,1
3847,Bartram John - Main,0,0,1
5183,Bethune Mary McLeod Sch,0,0,1
3662,Blaine James G Sch,0,0,1
3663,Blankenburg Rudolph Sch,0,0,1
7070,Bodine William W HS,1,0,0
3620,Bregy F Amedee Sch,0,0,1
3745,Bridesburg Sch,0,0,1
3684,Brown Henry A Sch,0,0,1
6529,Brown Joseph H Sch,0,0,1
3601,Bryant William C Sch,0,0,1
8332,Building 21,0,0,1
7230,Carnell Laura H Sch,0,0,1
7023,Carver HS,1,0,0
7253,Castor Gardens MS,0,1,0
3602,Catharine Joseph Sch,0,0,1
7404,Cayuga School,0,0,1
3848,Central HS,1,0,0
3622,Childs George W Sch,0,0,1
6767,Clemente Roberto MS,0,1,0
3782,Comegys Benjamin B Sch,0,0,1
3760,Comly Watson Sch,0,0,1
7905,Constitution HS,1,0,0
6525,Conwell Russell MS,0,1,0
7239,Cooke Jay MS,0,1,0
5122,Cook-Wissahickon Sch,0,0,1
5123,Cramp William Sch,0,0,1
6996,Creative and Performing Arts,0,0,1
3762,Crossan Kennedy C Sch,0,0,1
3706,Day Anna B Sch,0,0,1
7175,DeBurgos Bilingual Magnet MS,0,1,0
4727,Decatur Stephen Sch,0,0,1
3786,Dick William Sch,0,0,1
3763,Disston Hamilton Sch,0,0,1
3841,Dobbins AVT HS,1,0,0
3726,Dobson James Sch,0,0,1
5040,Duckrey Tanner Sch,0,0,1
3687,Dunbar Paul L Sch,0,0,1
3849,Edison HS/Fareira Skills,1,0,0
3688,Elkin Lewis Sch,0,0,1
3738,Ellwood Sch,0,0,1
3709,Emlen Eleanor C Sch,0,0,1
3642,Fanny Jackson Coppin Sch,0,0,1
7235,Farrell Louis H Sch,0,0,1
7226,Fell D Newlin Sch,0,0,1
3816,Fels Samuel HS,1,0,0
3751,Feltonville Intermediate School,0,0,1
7368,Feltonville Sch of Arts & Sciences,0,0,1
3739,Finletter Thomas K Sch,0,0,1
6913,Fitler Academics Plus,0,0,1
3781,Fitzpatrick Aloysius L Sch,0,0,1
3764,Forrest Edwin Sch,0,0,1
3765,Fox Chase Sch,0,0,1
3803,Frank Anne Sch,0,0,1
3850,Frankford HS,1,0,0
3851,Franklin Benjamin HS,1,0,0
7231,Franklin Benjamin Sch,0,0,1
6822,Franklin LC,0,0,1
3708,Franklin S Edmonds Sch,0,0,1
3818,Furness Horace HS,1,0,0
7664,Gamp,0,0,1
3625,Gideon Edward Sch,0,0,1
3776,Girard Stephen Sch,0,0,1
3843,Girls HS,1,0,0
3800,Gloria Casarez El Sch,0,0,1
4726,Greenberg Joseph Sch,0,0,1
5186,Greenfield Albert M Sch,0,0,1
5120,Hackett Horatio B Sch,0,0,1
5185,Hamilton Andrew Sch,0,0,1
7242,Harding Warren G MS,0,1,0
6528,Harrington Avery D Sch,0,0,1
5125,Hartranft John F Sch,0,0,1
3712,Henry Charles W Sch,0,0,1
5187,Heston Edward Sch,0,0,1
7229,Hill Freedman World Academy,0,0,1
3766,Holme Thomas Sch,0,0,1
3742,Hopkinson Francis Sch,0,0,1
3713,Houston Henry E Sch,0,0,1
3743,Howe Julia Ward Sch,0,0,1
3693,Hunter William H Sch,0,0,1
7227,Jenks Abram Sch,0,0,1
8507,John B Stetson MS,0,1,0
5041,John Hancock Demonstration Sch,0,0,1
3714,John Story Jenks Academy for the Arts an,0,0,1
7963,Juniata Park Academy,0,0,1
3645,Kearny Gen Philip Sch,0,0,1
3626,Kelley William D Sch,0,0,1
5294,Kelly John B Sch,0,0,1
8389,Kenderton El Sch,0,0,1
7852,Kensington Creative & Performing Arts HS,1,0,0
7855,Kensington Health Sciences,0,0,1
8388,Kensington HS,1,0,0
7228,Key Francis Scott Sch,0,0,1
6675,King Martin Luther HS,1,0,0
3647,Kirkbride Eliza B Sch,0,0,1
3670,Lamberton Robert E Sch,0,0,1
7811,Lankenau HS,1,0,0
3744,Lawton Henry W Sch,0,0,1
6530,Lea Henry C Sch,0,0,1
3664,Lewis C Cassidy Academics Plus Sch,0,0,1
3845,Lincoln HS,1,0,0
3717,Lingelbach Anna L Sch,0,0,1
4732,Locke Alain Sch,0,0,1
4961,Loesche William H Sch,0,0,1
3718,Logan James Sch,0,0,1
6533,Longstreth William C Sch,0,0,1
7232,Lowell James R Sch,0,0,1
3694,Ludlow James R Sch,0,0,1
3797,Marshall John Sch,0,0,1
7521,Marshall Thurgood,0,0,1
3842,Mastbaum Jules E AVTS,0,0,1
3808,Masterman Julia R Sec Sch,0,0,1
3769,Mayfair Sch,0,0,1
3648,McCall Gen George A Sch,0,0,1
3719,McCloskey John F Sch,0,0,1
6534,McClure Alexander K Sch,0,0,1
3629,McDaniel Delaplaine Sch,0,0,1
5293,McKinley William Sch,0,0,1
3611,McMichael Morton Sch,0,0,1
3630,Meade Gen George C Sch,0,0,1
3649,Meredith William M Sch,0,0,1
7022,Middle Years Alternative,0,0,1
3720,Mifflin Thomas Sch,0,0,1
3798,Mitchell El Sch,0,0,1
3697,Moffet John Sch,0,0,1
3770,Moore J Hampton Sch,0,0,1
4868,Morris Robert Sch,0,0,1
3749,Morrison Andrew J Sch,0,0,1
6535,Morton Thomas G Sch,0,0,1
7815,Motivation HS,1,0,0
7522,Munoz-Marin Luis,0,0,1
3650,Nebinger George W Sch,0,0,1
8493,Northeast Community Propel Academy,0,0,1
3855,Northeast HS,1,0,0
8508,Olney Charter HS,1,0,0
3750,Olney El Sch,0,0,1
6960,Overbrook Edu Ctr,0,0,1
7472,Overbrook Elementary School,0,0,1
3857,Overbrook HS,1,0,0
7782,Parkway Center City Middle College,1,0,0
6548,Parkway Northwest,0,0,1
7808,Parkway West,0,0,1
3613,Patterson John M Sch,0,0,1
7780,Paul Robeson HS for Human Services,1,0,0
3675,Peirce Thomas M Sch,0,0,1
7706,Penn Alexander Sch,0,0,1
8293,Penn Treaty Sch,0,0,1
3722,Pennell Joseph Sch,0,0,1
3616,Penrose Sch,0,0,1
8385,Philadelphia Learning Academy - North,0,0,1
8386,Philadelphia Learning Academy - South,0,0,1
7850,Philadelphia Military Acad at Elverson,0,0,1
3801,Pollock Robert B Sch,0,0,1
5121,Potter-Thomas Sch,0,0,1
3783,Powel Samuel Sch,0,0,1
6765,Prince Hall,0,0,1
7813,Randolph A. Philip AVT HS,1,0,0
3771,Rhawnhurst Sch,0,0,1
3614,Rhoads James Sch,0,0,1
8292,Rhodes E Washington Sch,0,0,1
3701,Richmond Sch,0,0,1
8296,Roosevelt Theodore MS,0,1,0
3724,Rowen William Sch,0,0,1
3844,Roxborough HS,1,0,0
3668,Samuel Gompers Sch,0,0,1
6539,Samuel Pennypacker Sch,0,0,1
3861,Saul W B Agricultural School,0,0,1
7245,Sayre William L MS,0,1,0
7903,School of the Future,0,0,1
7906,Science Leadership Academy,0,0,1
8387,Science Leadership Academy MS,0,1,0
3653,Sharswood George Sch,0,0,1
3725,Shawmont Sch,0,0,1
3702,Sheppard Isaac Sch,0,0,1
3773,Solis-Cohen Solomon Sch,0,0,1
3859,South Philadelphia HS,1,0,0
3654,Southwark Sch,0,0,1
3655,Spring Garden Sch,0,0,1
7234,Spruance Gilbert Sch,0,0,1
3635,Stanton Edwin M Sch,0,0,1
4963,Stearne Allen M Sch,0,0,1
3727,Steel Edward Sch,0,0,1
7255,Strawberry Mansion HS,1,0,0
3753,Sullivan James J Sch,0,0,1
7072,Swenson Arts & Technology HS,1,0,0
3657,Taggart John H Sch,0,0,1
3755,Taylor Bayard Sch,0,0,1
8331,The Linc,0,0,1
8330,The Science Leadership Academy at Beeber,0,0,1
8298,The SD of Philadelphia Virtual Academy,0,0,1
8329,The U School: Innovative Lab,0,0,1
8328,The Workshop School,0,0,1
8297,Tilden William T MS,0,1,0
8294,Vare-Washington El Sch,0,0,1
8440,Vaux HS: A Big Picture School,1,0,0
3835,Wagner Gen Louis MS,0,1,0
7225,Waring Laura W Sch,0,0,1
6527,Washington George HS,1,0,0
7663,Washington Grover Jr Sch,0,0,1
3615,Washington Martha Sch,0,0,1
5124,Webster Sch,0,0,1
3703,Welsh John Sch,0,0,1
3860,West Philadelphia HS,1,0,0
3728,Widener Memorial Sch,0,0,1
6544,Willard Frances E Sch,0,0,1
5188,Wright Richard R Sch,0,0,1
7233,Ziegler William H Sch,0,0,1
7737,Philadelphia Electrical & Tech CHS,1,0,0
8454,Philadelphia Hebrew Public CS,1,0,0
7828,Philadelphia Montessori CS,1,0,0
7647,Philadelphia Performing Arts CS,1,0,0
6239,Osceola Mills El Sch,0,0,1
1555,Philipsburg El Sch,0,0,1
1560,Philipsburg-Osceola Area HS,1,0,0
8301,Philipsburg-Osceola Area MS,0,1,0
1430,Barkley El Sch,0,0,1
8395,Manavon El Sch,0,0,1
1426,Phoenixville Area HS,1,0,0
1425,Phoenixville Area MS,0,1,0
8396,Phoenixville Early Learning Ctr,0,0,1
4841,Schuylkill El Sch,0,0,1
3910,Pine Grove Area HS,1,0,0
5262,Pine Grove Area MS,0,1,0
3909,Pine Grove El Sch,0,0,1
7999,Eden Hall Upper El Sch,0,0,1
7998,Hance El Sch,0,0,1
315,Pine-Richland HS,1,0,0
314,Pine-Richland MS,0,1,0
7997,Richland El Sch,0,0,1
7996,Wexford El Sch,0,0,1
8203,Academy at Westinghouse,0,0,1
409,Pittsburgh Allderdice HS,1,0,0
7616,Pittsburgh Allegheny 6-8,0,0,1
7615,Pittsburgh Allegheny K-5,0,0,1
7878,Pittsburgh Arlington K-8,0,0,1
7886,Pittsburgh Arsenal 6-8,0,0,1
7889,Pittsburgh Arsenal K-5,0,0,1
7501,Pittsburgh Banksville K-5,0,0,1
6019,Pittsburgh Beechwood K-5,0,0,1
6915,Pittsburgh Brashear HS,1,0,0
7868,Pittsburgh Brookline K-8,0,0,1
8106,Pittsburgh CAPA 6-12,0,0,1
326,Pittsburgh Carmalt K-8,0,0,1
412,Pittsburgh Carrick HS,1,0,0
7913,Pittsburgh Chartiers Early Childhood Ctr,0,0,1
7692,Pittsburgh Classical 6-8,0,0,1
6022,Pittsburgh Colfax K-8,0,0,1
330,Pittsburgh Concord K-5,0,0,1
6811,Pittsburgh Conroy,0,0,1
6024,Pittsburgh Dilworth K-5,0,0,1
8204,Pittsburgh Faison K-5,0,0,1
6026,Pittsburgh Fulton K-5,0,0,1
400,Pittsburgh Grandview K-5,0,0,1
6028,Pittsburgh Greenfield K-8,0,0,1
7880,Pittsburgh King K-8,0,0,1
8255,Pittsburgh Langley K-8,0,0,1
6042,Pittsburgh Liberty K-5,0,0,1
7870,Pittsburgh Lincoln K-5,0,0,1
6044,Pittsburgh Linden K-5,0,0,1
7871,Pittsburgh Manchester K-8,0,0,1
7881,Pittsburgh Mifflin K-8,0,0,1
8108,Pittsburgh Miller K-5,0,0,1
8110,Pittsburgh Milliones 6-12,0,0,1
363,Pittsburgh Minadeo K-5,0,0,1
351,Pittsburgh Montessori K-5,0,0,1
365,Pittsburgh Morrow K-8,0,0,1
8105,Pittsburgh Obama 6-12,0,0,1
6047,Pittsburgh Oliver,0,0,1
8300,Pittsburgh Online Academy,0,0,1
416,Pittsburgh Perry HS,1,0,0
395,Pittsburgh Phillips K-5,0,0,1
6664,Pittsburgh Pioneer,0,0,1
7742,Pittsburgh Roosevelt K -5,0,0,1
379,Pittsburgh Schiller 6-8,0,0,1
8107,Pittsburgh Science and Technology Academ,0,0,1
7693,Pittsburgh South Brook 6-8,0,0,1
7888,Pittsburgh South Hills 6-8,0,0,1
7916,Pittsburgh Spring Garden Early Childhood,0,0,1
7362,Pittsburgh Spring Hill K-5,0,0,1
7039,Pittsburgh Sterrett 6-8,0,0,1
7884,Pittsburgh Sunnyside K-8,0,0,1
7876,Pittsburgh Weil K-8,0,0,1
7694,Pittsburgh West Liberty K-5,0,0,1
7877,Pittsburgh Westwood K-8,0,0,1
7885,Pittsburgh Whittier K-5,0,0,1
7502,Pittsburgh Woolslair K-5,0,0,1
7730,Martin F Quinn Pittston Area Primary Ctr,0,0,1
6385,Pittston Area MS,0,1,0
5058,Pittston Area SHS,1,0,0
6622,Pittston City Intrmd Ctr,0,0,1
7434,Pleasant Valley El Sch,0,0,1
3210,Pleasant Valley HS,1,0,0
7660,Pleasant Valley Intrmd Sch,0,0,1
7183,Pleasant Valley MS,0,1,0
8354,Holiday Park Intermediate Sch,0,0,1
427,O'Block El Sch,0,0,1
7193,Pivik El Sch,0,0,1
5105,Plum MS,0,1,0
435,Plum SHS,1,0,0
7482,Clear Run El Ctr,0,0,1
8236,Clear Run Intrmd Sch,0,0,1
3216,Pocono Mountain East HS,1,0,0
8010,Pocono Mountain East JHS,1,0,0
7738,Pocono Mountain West HS,1,0,0
7867,Pocono Mountain West JHS,1,0,0
7739,Swiftwater El Ctr,0,0,1
8281,Swiftwater Interm Sch,0,0,1
3214,Tobyhanna El Ctr,0,0,1
7055,Port Allegany El Sch,0,0,1
3111,Port Allegany JSHS,1,0,0
7984,Portage Area El Sch,0,0,1
1270,Portage Area JSHS,1,0,0
3334,Lower Pottsgrove El Sch,0,0,1
6746,Pottsgrove MS,0,1,0
3338,Pottsgrove SHS,1,0,0
3337,Ringing Rocks El Sch,0,0,1
3336,West Pottsgrove El Sch,0,0,1
3345,Barth El Sch,0,0,1
3339,Franklin El Sch,0,0,1
3341,Lincoln El Sch,0,0,1
3346,Pottstown MS,0,1,0
3348,Pottstown SHS,1,0,0
3342,Rupert El Sch,0,0,1
3915,Clarke El Ctr,0,0,1
5265,Lengel MS,0,1,0
3924,Pottsville Area HS,1,0,0
8260,Premier Arts and Science CS,1,0,0
7540,Preparatory CS of Mathematics Science Te,1,0,0
8129,Propel CS-Braddock Hills,1,0,0
7848,Propel CS-East,1,0,0
8306,Propel CS-Hazelwood,1,0,0
7772,Propel CS-Homestead,1,0,0
7831,Propel CS-McKeesport,1,0,0
7832,Propel CS-Montour,1,0,0
8193,Propel CS-Northside,1,0,0
8218,Propel CS-Pitcairn,1,0,0
8362,Provident CS,1,0,0
8437,Punxsutawney Area El Sch,0,0,1
6165,Punxsutawney Area HS,1,0,0
6893,Purchase Line El Sch,0,0,1
2350,Purchase Line JSHS,1,0,0
6108,Edgeworth El Sch,0,0,1
6852,Osborne El Sch,0,0,1
448,Quaker Valley HS,1,0,0
447,Quaker Valley MS,0,1,0
8410,6th Grade Center,1,0,0
1122,Neidig El Sch,0,0,1
7836,Pfaff El Sch,0,0,1
1128,Quakertown Community HS,1,0,0
5132,Quakertown El Sch,0,0,1
1121,Richland El Sch,0,0,1
4965,Strayer MS,0,1,0
7630,Trumbauersville El Sch,0,0,1
6510,Ithan El Sch,0,0,1
7697,Radnor El Sch,0,0,1
6511,Radnor MS,0,1,0
1921,Radnor SHS,1,0,0
6512,Wayne El Sch,0,0,1
8366,Reach Cyber CS,1,0,0
5275,Reading Muhlenberg CTC,0,0,1
840,Amanda E Stout El Sch,0,0,1
8117,Central MS,0,1,0
844,Glenside El Sch,0,0,1
852,Lauers Park El Sch,0,0,1
8247,Millmont El Sch,0,0,1
858,Northeast MS,0,1,0
5206,Northwest El Sch,0,0,1
856,Northwest MS,0,1,0
8116,Reading SHS,1,0,0
845,Riverside El Sch,0,0,1
5028,Sixteenth & Haak El Sch,0,0,1
855,Southern MS,0,1,0
8457,Southwest MS,0,1,0
5026,Tenth & Green El Sch,0,0,1
7484,Tenth & Penn El Sch,0,0,1
5027,Thirteenth & Green El Sch,0,0,1
832,Thirteenth & Union El Sch,0,0,1
5025,Twelfth & Marion El Sch,0,0,1
831,Tyson-Schoener El Sch,0,0,1
6837,Clearview El Sch,0,0,1
8050,Larry J. Macaluso El Sch,0,0,1
4593,Locust Grove El Sch,0,0,1
4595,Mazie Gable El Sch,0,0,1
4589,N Hopewell-Winterstown El Sch,0,0,1
5362,Pleasant View El Sch,0,0,1
4597,Red Lion Area JHS,1,0,0
4598,Red Lion Area SHS,1,0,0
1495,Redbank Valley HS,1,0,0
8168,Redbank Valley Intrmd Sch,0,0,1
8169,Redbank Valley Primary School,0,0,1
7636,Renaissance Academy CS,1,0,0
3164,Reynolds El Sch,0,0,1
3165,Reynolds JSHS,1,0,0
7684,Richard Allen Preparatory CS,1,0,0
1278,Richland El Sch,0,0,1
7941,Richland HS,1,0,0
7413,Francis S Grandinetti El Sch,0,0,1
1989,Ridgway Area HS,1,0,0
6805,Ridgway Area MS,0,1,0
1925,Amosland El Sch,0,0,1
5043,Eddystone El Sch,0,0,1
1926,Edgewood El Sch,0,0,1
1928,Grace Park El Sch,0,0,1
4705,Lakeview El Sch,0,0,1
1930,Leedom El Sch,0,0,1
1934,Ridley HS,1,0,0
7218,Ridley MS,0,1,0
1932,Woodlyn El Sch,0,0,1
4268,Ringgold El Sch North,0,0,1
8197,Ringgold El Sch South,0,0,1
8103,Ringgold MS,0,1,0
7019,Ringgold SHS,1,0,0
7418,Blairsville El Sch,0,0,1
8487,River Valley HS,1,0,0
8490,River Valley MS,0,1,0
2352,Saltsburg El Sch,0,0,1
8189,Riverside El Sch,0,0,1
700,Riverside HS,1,0,0
8188,Riverside MS,0,1,0
5093,Riverside El Sch East,0,0,1
6748,Riverside El Sch West,0,0,1
2496,Riverside JSHS,1,0,0
0,Riverview IU 6,0,0,1
6928,Riverview JSHS,1,0,0
295,Tenth Street El Sch,0,0,1
6109,Verner El Sch,0,0,1
7532,Robert Benjamin Wiley Community CS,1,0,0
8401,Roberto Clemente CS,1,0,0
7333,Rochester Area El Sch,0,0,1
8000,Rochester High School,0,0,1
8279,Rochester MS,0,1,0
6209,Rockwood Area El Sch,0,0,1
6210,Rockwood Area JSHS,1,0,0
1940,Glenwood El Sch,0,0,1
7365,Indian Lane El Sch,0,0,1
6514,Media El Sch,0,0,1
1942,Penncrest HS,1,0,0
1937,Rose Tree El Sch,0,0,1
6625,Springton Lake MS,0,1,0
7677,Russell Byers CS,1,0,0
3930,Saint Clair Area El/MS,0,1,0
1978,Bennetts Valley El Sch,0,0,1
1991,Fox Twp El Sch,0,0,1
6697,South St Marys Street El Sch,0,0,1
1992,St Marys Area MS,0,1,0
5169,St Marys Area SHS,1,0,0
6864,Salisbury El Sch,0,0,1
5365,Salisbury MS,0,1,0
2833,Salisbury SHS,1,0,0
6818,Salisbury-Elk Lick El Sch,0,0,1
4002,Salisbury-Elk Lick JSHS,1,0,0
8083,Sankofa Freedom Academy CS,1,0,0
3485,Saucon Valley El Sch,0,0,1
7210,Saucon Valley MS,0,1,0
5352,Saucon Valley SHS,1,0,0
965,Sayre Area HS,1,0,0
6713,Snyder El Sch,0,0,1
7568,School Lane CS,1,0,0
7331,Schuylkill Haven El Ctr,0,0,1
3935,Schuylkill Haven MS,0,1,0
5264,Schuylkill Haven SHS,1,0,0
0,Schuylkill IU 29,0,0,1
6587,Schuylkill Technology Centers-North Camp,1,0,0
7066,Schuylkill Technology Centers-South Camp,1,0,0
7429,Schuylkill Valley El Sch,0,0,1
864,Schuylkill Valley HS,1,0,0
6888,Schuylkill Valley MS,0,1,0
5149,Charles Sumner #18,0,0,1
2474,Frances Willard #32,0,0,1
2481,Isaac Tripp El Sch,0,0,1
2455,John Adams #4,0,0,1
4736,John F. Kennedy #7,0,0,1
4858,John G Whittier #2,0,0,1
6970,McNichols Plaza,0,0,1
5232,Neil Armstrong #40,0,0,1
7700,Northeast Intrmd Sch,0,0,1
4952,Robert Morris #27,0,0,1
6413,Scranton HS,1,0,0
2487,South Scranton Intrmd Sch,0,0,1
2489,West Scranton HS,1,0,0
6791,West Scranton Intrmd Sch,0,0,1
4857,William Prescott #38,0,0,1
3968,Selinsgrove Area El Sch,0,0,1
3969,Selinsgrove Area HS,1,0,0
6817,Selinsgrove Area MS,0,1,0
7507,Selinsgrove Intrmd Sch,0,0,1
7013,Seneca Highlands Career and Technical Ce,0,0,1
0,Seneca Highlands IU 9,0,0,1
1178,Connoquenessing Valley El Sch,0,0,1
1180,Ehrman Crest El Sch,0,0,1
7488,Ehrman Crest MS,0,1,0
4907,Haine El Sch,0,0,1
7489,Haine MS,0,1,0
1179,Rowan El Sch,0,0,1
5311,Ryan Gloyer MS,0,1,0
8318,Seneca Valley HS,1,0,0
8084,Seven Generations CS,1,0,0
6594,Cairnbrook El Sch,0,0,1
4006,Shade JSHS,1,0,0
4696,Burchfield Primary Sch,0,0,1
5101,Marzolf Primary Sch,0,0,1
4843,Reserve Primary Sch,0,0,1
458,Scott Primary Sch,0,0,1
8001,Shaler Area El Sch,0,0,1
460,Shaler Area HS,1,0,0
8002,Shaler Area MS,0,1,0
7009,Shamokin Area El Sch,0,0,1
7893,Shamokin Area HS,1,0,0
8283,Shamokin Area Intermediate Sch,0,0,1
7892,Shamokin Area MS,0,1,0
7397,Shanksville-Stonycreek El Sch,0,0,1
6800,Shanksville-Stonycreek HS,1,0,0
7398,Shanksville-Stonycreek MS,0,1,0
3173,Case Avenue El Sch,0,0,1
3170,Musser El Sch,0,0,1
8093,Sharon HS,1,0,0
8092,Sharon MS,0,1,0
3171,West Hill El Sch,0,0,1
7705,Sharpsville Area El Sch,0,0,1
7387,Sharpsville Area MS,0,1,0
3124,Sharpsville Area SHS,1,0,0
3938,Shenandoah Valley El Sch,0,0,1
3940,Shenandoah Valley JSHS,1,0,0
2706,Shenango El Sch,0,0,1
2708,Shenango HS,1,0,0
7741,Chief Shikellamy Sch,0,0,1
3567,Oaklyn Sch,0,0,1
3549,Priestley Sch,0,0,1
3569,Shikellamy HS,1,0,0
8372,Shikellamy MS,0,1,0
1724,Grace B Luhrs Univ Elem,0,0,1
7925,James Burd El Sch,0,0,1
7924,Nancy Grayson El Sch,0,0,1
1729,Shippensburg Area MS,0,1,0
5221,Shippensburg Area SHS,1,0,0
7921,Shippensburg Intrm Sch,0,0,1
1169,Moraine El Sch,0,0,1
1171,Slippery Rock Area El Sch,0,0,1
1172,Slippery Rock Area HS,1,0,0
6647,Slippery Rock Area MS,0,1,0
3116,Smethport Area El Sch,0,0,1
3117,Smethport Area JSHS,1,0,0
2656,Bart-Colerain El Sch,0,0,1
7354,Clermont El Sch,0,0,1
2654,Providence El Sch,0,0,1
2655,Quarryville El Sch,0,0,1
2657,Smith MS,0,1,0
2658,Solanco HS,1,0,0
5054,Swift MS,0,1,0
7481,Eagle View El Sch,0,0,1
4009,Maple Ridge El Sch,0,0,1
8274,Somerset Area Jr-Sr HS,1,0,0
6660,Somerset County Technology Center,1,0,0
3357,E M Crouthamel El Sch,0,0,1
3266,Franconia El Sch,0,0,1
8062,Indian Crest MS,0,1,0
4722,Indian Valley MS,0,1,0
7262,Oak Ridge El Sch,0,0,1
8282,Salford Hills El Sch,0,0,1
3354,Souderton Area SHS,1,0,0
7752,Vernfield El Sch,0,0,1
4900,West Broad Street El Sch,0,0,1
7638,Souderton CS Collaborative,1,0,0
7751,South Allegheny El Sch,0,0,1
8459,South Allegheny HS,1,0,0
8460,South Allegheny MS,0,1,0
4599,Delta-Peach Bottom El Sch,0,0,1
4601,Fawn Area El Sch,0,0,1
4602,Kennard-Dale HS,1,0,0
6832,South Eastern Intrmd Sch,0,0,1
7699,South Eastern MS,0,1,0
4600,Stewartstown El Sch,0,0,1
8263,South Fayette Intermediate Sch,0,0,1
7490,South Fayette MS,0,1,0
468,South Fayette Twp El Sch,0,0,1
470,South Fayette Twp HS,1,0,0
6328,Boiling Springs HS,1,0,0
8402,Iron Forge El Sch,0,0,1
1730,W.G. Rice El Sch,0,0,1
7611,Yellow Breeches MS,0,1,0
7527,South Mountain Secure Trmnt Un,0,0,1
7682,South Park Elem Center,1,0,0
6906,South Park MS,0,1,0
467,South Park SHS,1,0,0
6568,South Side El Sch,0,0,1
714,South Side HS,1,0,0
6937,South Side MS,0,1,0
4603,Baresville El Sch,0,0,1
6641,Emory H Markle MS,0,1,0
4605,Manheim El Sch,0,0,1
4606,Park Hills El Sch,0,0,1
4608,South Western SHS,1,0,0
4607,West Manheim El Sch,0,0,1
3054,Central El Sch,0,0,1
7719,Rommelt El Sch,0,0,1
3056,South Williamsport Area JSHS,1,0,0
6516,Academy Park HS,1,0,0
1861,Darby Twp Sch,0,0,1
6505,Delcroft Sch,0,0,1
6501,Harris Sch,0,0,1
1943,Sharon Hill Sch,0,0,1
7946,Southeast Delco Kindergarten Center,1,0,0
2271,Bobtown El Sch,0,0,1
2284,Mapletown JSHS,1,0,0
6900,Hartman El Ctr,0,0,1
1627,Southern Columbia HS,1,0,0
7668,Southern Columbia MS,0,1,0
7391,Southern Fulton El Sch,0,0,1
2253,Southern Fulton JSHS,1,0,0
2309,Rockhill El Sch,0,0,1
2310,Shade Gap El Sch,0,0,1
2313,Southern Huntingdon Co HS/MS,1,1,0
2312,Spring Farms El Sch,0,0,1
8072,Hopewell El Sch,0,0,1
8073,Liberty Bell El Sch,0,0,1
8075,Southern Lehigh Intermediate Sch,0,0,1
4808,Southern Lehigh MS,0,1,0
2839,Southern Lehigh SHS,1,0,0
4070,Blossburg El Sch,0,0,1
4062,Liberty El Sch,0,0,1
4064,North Penn-Liberty JSHS,1,0,0
4068,North Penn-Mansfield JSHS,1,0,0
4839,Warren L Miller El Sch,0,0,1
4613,Friendship El Sch,0,0,1
7556,Shrewsbury El Sch,0,0,1
6692,Southern El Sch,0,0,1
6286,Southern MS,0,1,0
4614,Susquehannock HS,1,0,0
6932,Southmoreland El Sch,0,0,1
8102,Southmoreland MS,0,1,0
7978,Southmoreland Primary Center,1,0,0
6191,Southmoreland SHS,1,0,0
7960,Southwest Leadership Academy CS,1,0,0
7648,Spectrum CS,1,0,0
941,Central HS,1,0,0
936,Martinsburg El Sch,0,0,1
8076,Spring Cove El Sch,0,0,1
5130,Spring Cove MS,0,1,0
4617,New Salem El Sch,0,0,1
4620,Paradise El Sch,0,0,1
4623,Spring Grove Area HS,1,0,0
4622,Spring Grove Area Intrmd Sch,0,0,1
6725,Spring Grove Area MS,0,1,0
4618,Spring Grove El Sch,0,0,1
1949,Richardson MS,0,1,0
6518,Sabold El Sch,0,0,1
6519,Scenic Hills El Sch,0,0,1
1950,Springfield HS,1,0,0
8134,Springfield Literacy Center,1,0,0
3368,Springfield Twp El Sch-Enfield,0,0,1
3370,Springfield Twp El Sch-Erdenhm,0,0,1
3376,Springfield Twp HS,1,0,0
3375,Springfield Twp MS,0,1,0
7321,Brooke El Sch,0,0,1
7940,Evans El Sch,0,0,1
3358,Limerick El Sch,0,0,1
4809,Oaks El Sch,0,0,1
3364,Royersford El Sch,0,0,1
7458,Spring City El Sch,0,0,1
3365,Spring-Ford Intrmd Sch 5th/6th,0,0,1
7817,Spring-Ford MS 7th Grade Ctr,0,1,0
7818,Spring-Ford MS 8th Grade Ctr,0,1,0
3367,Spring-Ford SHS 9-12 Ctr,1,0,0
7763,Upper Providence El Sch,0,0,1
1354,Corl Street El Sch,0,0,1
1356,Easterly Parkway El Sch,0,0,1
1350,Ferguson Twp El Sch,0,0,1
7735,Gray's Woods El Sch,0,0,1
1358,Mount Nittany El Sch,0,0,1
7426,Mount Nittany MS,0,1,0
6233,Park Forest El Sch,0,0,1
6234,Park Forest MS,0,1,0
1359,Radio Park El Sch,0,0,1
1357,Spring Creek El Sch,0,0,1
1364,State College Area HS,1,0,0
6113,Steel Center for Career and Technical Ed,1,0,0
193,Barrett El Sch,0,0,1
259,Park El Sch,0,0,1
260,Steel Valley MS,0,1,0
196,Steel Valley SHS,1,0,0
1799,Steelton-Highspire El Sch,0,0,1
1801,Steelton-Highspire HS,1,0,0
8158,Stone Valley Community CS,1,0,0
477,Sto-Rox JSHS,1,0,0
7505,Sto-Rox Primary Ctr,0,0,1
8377,Sto-Rox Upper El Sch,0,0,1
7123,Arlington Heights El Sch,0,0,1
3221,B F Morey El Sch,0,0,1
6683,Chipperfield El Sch,0,0,1
8355,Hamilton Twp El Sch,0,0,1
3224,Stroudsburg HS,1,0,0
7593,Stroudsburg JHS,1,0,0
7839,Stroudsburg MS,0,1,0
7635,Sugar Valley Rural CS,1,0,0
8180,Sullivan Co El Sch,0,0,1
4030,Sullivan Co JSHS,1,0,0
5355,SUN Area Technical Institute,0,0,1
6885,Susquehanna Community El Sch,0,0,1
4054,Susquehanna Community JSHS,1,0,0
7106,Susquehanna County CTC,0,0,1
4945,Sara Lindemuth El Sch,0,0,1
1806,Susquehanna Twp HS,1,0,0
1805,Susquehanna Twp MS,0,1,0
1802,Thomas W Holtzman Jr El Sch,0,0,1
6608,Susquenita El Sch,0,0,1
3589,Susquenita HS,1,0,0
7367,Susquenita MS,0,1,0
7551,Sylvan Heights Science CS,1,0,0
8126,Tacony Academy CS,1,0,0
7662,Tamaqua Area MS,0,1,0
5070,Tamaqua Area SHS,1,0,0
7031,Tamaqua El Sch,0,0,1
3948,West Penn Twp El Sch,0,0,1
8359,TECH Freire CS,1,0,0
7846,The New Academy CS,1,0,0
8252,The Philadelphia CS for Arts and Science,1,0,0
7833,Tidioute Community CS,1,0,0
7363,Early Childhood Lc,0,0,1
1666,Hydetown El Sch,0,0,1
1663,Main Street El Sch,0,0,1
6168,Pleasantville El Sch,0,0,1
7601,Titusville MS,0,1,0
1668,Titusville SHS,1,0,0
4811,Morrow El Sch,0,0,1
7862,Towanda Area El Sch,0,0,1
5208,Towanda Area JSHS,1,0,0
4690,Beaumont El Sch,0,0,1
1423,Conestoga SHS,1,0,0
1434,Devon El Sch,0,0,1
1439,Hillside El Sch,0,0,1
1440,New Eagle El Sch,0,0,1
1421,Tredyffrin-Easttown MS,0,1,0
1438,Valley Forge El Sch,0,0,1
4689,Valley Forge MS,0,1,0
4276,Trinity East El Sch,0,0,1
6638,Trinity MS,0,1,0
7402,Trinity North El Sch,0,0,1
6012,Trinity SHS,1,0,0
7424,Trinity South El Sch,0,0,1
7388,Trinity West El Sch,0,0,1
3955,Hegins-Hubley El Sch,0,0,1
3954,Mahantongo El Sch,0,0,1
3957,Tri-Valley JSHS,1,0,0
1000,Troy Area JSHS,1,0,0
8192,Troy Intrmd Sch,0,0,1
996,W R Croman Primary Sch,0,0,1
6321,Bethel El Sch,0,0,1
6322,Penn Bernville El Sch,0,0,1
4670,Tulpehocken JSHS,1,0,0
8445,Tunkhannock Area Intermediate Sch,0,0,1
8443,Tunkhannock Area Primary Cntr,0,0,1
5271,Tunkhannock HS,1,0,0
8444,Tunkhannock STEM Academy,0,0,1
6215,Turkeyfoot Valley Area El Sch,0,0,1
6216,Turkeyfoot Valley Area JSHS,1,0,0
0,Tuscarora IU 11,0,0,1
6280,James Buchanan HS,1,0,0
6281,James Buchanan MS,0,1,0
6282,Mercersburg El Sch,0,0,1
2221,Montgomery El Sch,0,0,1
2222,Mountain View El Sch,0,0,1
2226,St Thomas El Sch,0,0,1
752,Tussey Mountain EL,0,0,1
753,Tussey Mountain HS,1,0,0
8411,Tussey Mountain MS,0,1,0
872,Honey Brook El Ctr,0,0,1
868,Robeson El Ctr,0,0,1
5029,Twin Valley El Ctr,0,0,1
873,Twin Valley HS,1,0,0
7328,Twin Valley MS,0,1,0
7614,Tyrone Area El Sch,0,0,1
949,Tyrone Area HS,1,0,0
7518,Tyrone Area MS,0,1,0
2712,Union Area HS,1,0,0
7083,Union Area MS,0,1,0
2709,Union Memorial El Sch,0,0,1
6795,Union City El Sch,0,0,1
2075,Union City HS,1,0,0
7289,Union City MS,0,1,0
8473,Sligo El Sch,0,0,1
1501,Union HS,1,0,0
6933,A J McMullen Sch,0,0,1
2182,Ben Franklin Sch,0,0,1
6007,Franklin Sch,0,0,1
7933,Lafayette El Sch,0,0,1
7934,Lafayette MS,0,1,0
2137,Marclay Sch,0,0,1
2139,Menallen Sch,0,0,1
2184,Uniontown Area SHS,1,0,0
2185,Wharton Sch,0,0,1
1441,Chadds Ford El Sch,0,0,1
6719,Charles F Patton MS,0,1,0
7214,Hillendale El Sch,0,0,1
7736,Pocopson El Sch,0,0,1
1442,Unionville El Sch,0,0,1
1443,Unionville HS,1,0,0
6680,United El Sch,0,0,1
2358,United JSHS,1,0,0
8287,Universal Alcorn CS,1,0,0
8195,Universal Audenried CS,1,0,0
8251,Universal Creighton CS,1,0,0
7580,Universal Institute CS,1,0,0
8196,Universal Vare CS,1,0,0
7938,Biglerville El Sch,0,0,1
21,Biglerville HS,1,0,0
8480,Upper Adams Intrmdt Sch,0,0,1
7437,Upper Adams MS,0,1,0
4699,Upper Bucks County Technical School,0,0,1
1959,Aronimink El Sch,0,0,1
1970,Beverly Hills MS,0,1,0
1960,Bywood El Sch,0,0,1
7943,Charles Kelly El Sch,0,0,1
1971,Drexel Hill MS,0,1,0
1964,Garrettford El Sch,0,0,1
1965,Highland Park El Sch,0,0,1
1966,Hillcrest El Sch,0,0,1
7359,Primos El Sch,0,0,1
1968,Stonehurst Hills El Sch,0,0,1
7480,Upper Darby Kdg Ctr,0,0,1
1972,Upper Darby SHS,1,0,0
7845,Walter M Senkow El Sch,0,0,1
1969,Westbrook Park El Sch,0,0,1
7263,Upper Dauphin Area El Sch,0,0,1
6340,Upper Dauphin Area HS,1,0,0
6339,Upper Dauphin Area MS,0,1,0
3385,Fitzwater El Sch,0,0,1
5251,Fort Washington El Sch,0,0,1
3382,Jarrettown El Sch,0,0,1
7652,Maple Glen El Sch,0,0,1
4943,Sandy Run MS,0,1,0
5078,Upper Dublin HS,1,0,0
6468,Bridgeport El Sch,0,0,1
4832,Caley El Sch,0,0,1
3389,Candlebrook El Sch,0,0,1
8426,Gulph EL Sch,0,0,1
3391,Roberts El Sch,0,0,1
3395,Upper Merion HS,1,0,0
3394,Upper Merion MS,0,1,0
8492,Upper Moreland El Sch,0,0,1
3401,Upper Moreland HS,1,0,0
5249,Upper Moreland MS,0,1,0
7073,Hereford El Sch,0,0,1
7264,Marlborough El Sch,0,0,1
8468,Upper Perkiomen 4th and 5th Grade Center,1,0,0
5081,Upper Perkiomen HS,1,0,0
3406,Upper Perkiomen MS,0,1,0
5195,Baker El Sch,0,0,1
5196,Boyce MS,0,1,0
490,Eisenhower El Sch,0,0,1
491,Fort Couch MS,0,1,0
4859,Streams El Sch,0,0,1
492,Upper Saint Clair HS,1,0,0
7563,Urban Academy of Greater Pittsburgh CS,1,0,0
7562,Urban Pathways 6-12 CS,1,0,0
8194,Urban Pathways K-5 College CS,1,0,0
4126,Rocky Grove JSHS,1,0,0
7920,Valley Grove El Sch,0,0,1
6776,Valley View El Ctr,0,0,1
6775,Valley View HS,1,0,0
7487,Valley View Intrmd Sch,0,0,1
7283,Valley View MS,0,1,0
5162,Venango Technology Center,1,0,0
8128,Vida CS,1,0,0
8338,Vision Academy CS,1,0,0
4310,Wallenpaupack Area HS,1,0,0
6956,Wallenpaupack Area MS,0,1,0
7169,Wallenpaupack North Intrmd Sch,0,0,1
7417,Wallenpaupack Pri Sch,0,0,1
4305,Wallenpaupack South El Sch,0,0,1
1905,Nether Providence El Sch,0,0,1
5287,Strath Haven HS,1,0,0
1908,Strath Haven MS,0,1,0
1952,Swarthmore-Rutledge Sch,0,0,1
1906,Wallingford El Sch,0,0,1
5356,Warren County AVTS,0,0,1
4148,Beaty-Warren MS,0,1,0
8335,Eisenhower El Sch,0,0,1
4143,Eisenhower M/HS,1,0,0
8290,Sheffield Area El Sch,0,0,1
4146,Sheffield M/HS,1,0,0
7843,Warren Area El Ctr,0,0,1
4149,Warren Area HS,1,0,0
4133,Youngsville El Sch,0,0,1
4135,Youngsville MS/HS,1,1,0
8373,Turbotville El Sch,0,0,1
5103,Warrior Run HS,1,0,0
3575,Warrior Run MS,0,1,0
2661,John Beck El Sch,0,0,1
7420,John R Bonfield El Sch,0,0,1
4823,Kissel Hill El Sch,0,0,1
2660,Lititz El Sch,0,0,1
5336,Warwick MS,0,1,0
2663,Warwick SHS,1,0,0
4286,Washington HS,1,0,0
6912,Washington Junior High School,0,0,1
7456,Washington Park El Sch,0,0,1
6148,Seneca HS,1,0,0
7475,Wattsburg Area El Ctr,0,0,1
6654,Wattsburg Area MS,0,1,0
6424,Damascus Area Sch,0,0,1
4295,Honesdale HS,1,0,0
7446,Lakeside Elementary School,0,0,1
6425,Preston Sch,0,0,1
4291,Stourbridge Primary Ctr,0,0,1
6865,Wayne Highlands MS,0,1,0
2233,Fairview Avenue El Sch,0,0,1
2234,Hooverville El Sch,0,0,1
2238,Mowrey El Sch,0,0,1
5330,Summitview El Sch,0,0,1
8408,Waynesboro Area MS,0,1,0
2243,Waynesboro Area SHS,1,0,0
6446,Weatherly Area El Sch,0,0,1
6838,Weatherly Area MS,0,1,0
1327,Weatherly Area SHS,1,0,0
4075,Charlotte Lappla El Sch,0,0,1
5095,Don Gill El Sch,0,0,1
4079,Rock L Butler MS,0,1,0
4080,Wellsboro Area HS,1,0,0
7760,Donaldson Elem Sch,0,0,1
5366,McKee El Sch,0,0,1
6895,West Allegheny MS,0,1,0
509,West Allegheny SHS,1,0,0
5367,Wilson El Sch,0,0,1
6599,West Branch Area El Sch,0,0,1
1566,West Branch Area HS,1,0,0
8456,West Branch MS,0,1,0
1452,E N Peirce MS,0,1,0
1392,East Bradford El Sch,0,0,1
1395,East Goshen El Sch,0,0,1
1456,Exton El Sch,0,0,1
1454,Fern Hill El Sch,0,0,1
4812,Glen Acres El Sch,0,0,1
8491,Greystone El Sch,0,0,1
6910,Hillsdale El Sch,0,0,1
5137,J R Fugett MS,0,1,0
1457,Mary C Howse El Sch,0,0,1
4813,Penn Wood El Sch,0,0,1
7324,Sarah W Starkweather El Sch,0,0,1
1451,Stetson MS,0,1,0
7894,West Chester Bayard Rustin HS,1,0,0
6734,West Chester East HS,1,0,0
1453,West Chester Henderson HS,1,0,0
1458,Westtown-Thornbury El Sch,0,0,1
8353,West Greene El Ctr,0,0,1
8442,West Greene JSHS,1,0,0
516,Gill Hall El Sch,0,0,1
7382,Jefferson Hills Intermediate Sch,0,0,1
519,McClellan El Sch,0,0,1
4867,Pleasant Hills MS,0,1,0
523,Thomas Jefferson HS,1,0,0
6803,Luther W Low El Sch,0,0,1
7307,Oakview El Sch,0,0,1
6129,West Middlesex Area JSHS,1,0,0
528,Clara Barton El Sch,0,0,1
8455,Homeville El Sch,0,0,1
536,West Mifflin Area HS,1,0,0
535,West Mifflin Area MS,0,1,0
7548,West Oak Lane CS,1,0,0
6344,Blain El Sch,0,0,1
3594,Carroll El Sch,0,0,1
4920,New Bloomfield El Sch,0,0,1
3597,West Perry MS,0,1,0
3596,West Perry SHS,1,0,0
7722,West Phila. Achievement CES,0,0,1
1741,Allen MS,0,1,0
1732,Cedar Cliff HS,1,0,0
7395,Crossroads MS,0,1,0
4588,Fairview El Sch,0,0,1
4583,Fishing Creek El Sch,0,0,1
1736,Highland El Sch,0,0,1
1716,Hillside El Sch,0,0,1
8276,New Cumberland MS,0,1,0
4585,Newberry El Sch,0,0,1
4704,Red Land SHS,1,0,0
7332,Red Mill El Sch,0,0,1
1738,Rossmoyne El Sch,0,0,1
1734,Washington Heights El Sch,0,0,1
5059,West Side CTC,0,0,1
4625,Lincolnway El Sch,0,0,1
4629,Trimmer El Sch,0,0,1
8350,Wallace El Sch,0,0,1
6705,West York Area HS,1,0,0
7286,West York Area MS,0,1,0
6609,Western Area CTC,0,0,1
715,Fairview El Sch,0,0,1
719,Western Beaver Co JSHS,1,0,0
4959,Western Montgomery CTC,0,0,1
8173,EverGreen El Sch,0,0,1
6704,Western Wayne HS,1,0,0
7341,Western Wayne MS,0,1,0
4311,Wilson El Sch,0,0,1
8392,Westinghouse Arts Academy CS,1,0,0
1290,Westmont Hilltop El Sch,0,0,1
8379,Westmont Hilltop JSHS,1,0,0
0,Westmoreland IU 7,0,0,1
6983,Clarence M Gockley El Sch,0,0,1
6841,George D Steckel El Sch,0,0,1
2848,Whitehall HS,1,0,0
5241,Whitehall-Coplay MS,0,1,0
8048,Zephyr El Sch,0,0,1
6632,Wilkes-Barre Area CTC,0,0,1
5152,Daniel J Flood El Sch,0,0,1
2995,Dodson El Sch,0,0,1
6924,Dr David W Kistler El Sch,0,0,1
3008,G A R MS,0,1,0
6923,Heights/Murray El Sch,0,0,1
7492,Solomon/Plains El Sch,0,0,1
7497,Solomon/Plains MS,0,1,0
8495,Wilkes-Barre Area HS,1,0,0
8448,Wilkes-Barre Area SD STEM Academy,0,0,1
8503,Wolfpack Early Learning Academy,0,0,1
5106,Kelly Primary Sch,0,0,1
553,Turner Intermediate Sch,0,0,1
6509,Aldan El Sch,0,0,1
1887,Ardmore Avenue Sch,0,0,1
7385,Bell Avenue School,0,0,1
1856,Colwyn El Sch,0,0,1
1890,East Lansdowne El Sch,0,0,1
7020,Park Lane El Sch,0,0,1
8504,Penn Wood 9th Grade Academy,0,0,1
8231,Penn Wood HS,1,0,0
7918,Penn Wood MS,0,1,0
1974,W B Evans Magnet Sch,0,0,1
8018,Walnut Street El Sch,0,0,1
7357,Williams Valley El Sch,0,0,1
3914,Williams Valley JSHS,1,0,0
950,Williamsburg Community El Sch,0,0,1
951,Williamsburg Community JSHS,1,0,0
3057,Cochran Primary Sch,0,0,1
3073,Curtin Intrmd Sch,0,0,1
6367,Hepburn-Lycoming Primary Sch,0,0,1
3058,Jackson Primary Sch,0,0,1
6861,Lycoming Valley Intrmd Sch,0,0,1
8273,Williamsport Area MS,0,1,0
6368,Williamsport Area SHS,1,0,0
6963,Wilmington Area El Sch,0,0,1
2721,Wilmington Area HS,1,0,0
7352,Wilmington Area MS,0,1,0
3516,Avona El Sch,0,0,1
3520,Williams Township El Sch,0,0,1
3522,Wilson Area HS,1,0,0
6785,Wilson Area Intermediate Sch,0,0,1
7053,Wilson Borough El Sch,0,0,1
6773,Cornwall Terrace El Sch,0,0,1
8234,Green Valley El Sch,0,0,1
8233,Shiloh Hills El Sch,0,0,1
7436,Spring Ridge El Sch,0,0,1
883,Whitfield El Sch,0,0,1
6980,Wilson HS,1,0,0
6982,Wilson Southern MS,0,1,0
6981,Wilson West MS,0,1,0
4026,Windber Area HS,1,0,0
7145,Windber Area MS,0,1,0
7500,Windber El Sch,0,0,1
7724,Wissahickon CS,1,0,0
6470,Blue Bell El Sch,0,0,1
7491,Lower Gwynedd El Sch,0,0,1
6835,Shady Grove El Sch,0,0,1
3414,Stony Creek El Sch,0,0,1
3245,Wissahickon MS,0,1,0
3247,Wissahickon SHS,1,0,0
8466,Dickson Prep STEAM Academy,0,0,1
8088,Edgewood El STEAM Academy,0,0,1
8465,Turtle Creek EL STEAM Academy,0,0,1
8090,Wilkins El STEAM Academy,0,0,1
107,Woodland Hills HS,1,0,0
8175,Wyalusing Valley El Sch,0,0,1
1005,Wyalusing Valley JSHS,1,0,0
7273,Wyoming Area Intermediate Ctr,0,0,1
2875,Wyoming Area Kindergarten Ctr,0,0,1
2874,Wyoming Area Primary Ctr,0,0,1
6390,Wyoming Area Sec Ctr,0,0,1
6392,Chester Street El Sch,0,0,1
2878,Dana El Ctr,0,0,1
8243,State El Ctr,0,0,1
2918,Third Avenue El Sch,0,0,1
6986,Wyoming Valley West MS,0,1,0
6391,Wyoming Valley West SHS,1,0,0
885,West Reading El Ctr,0,0,1
887,Wyomissing Area JSHS,1,0,0
886,Wyomissing Hills El Ctr,0,0,1
8131,York Academy Regional CS,1,0,0
8237,Davis Sch,0,0,1
8238,Devers Sch,0,0,1
8398,Edgar Fahs Smith STEAM Academy,0,0,1
8239,Ferguson Sch,0,0,1
8240,Goode Sch,0,0,1
8291,Hannah Penn,0,0,1
8241,Jackson Sch,0,0,1
8242,McKinley Sch,0,0,1
4647,William Penn SHS,1,0,0
5168,York Co School of Technology,0,0,1
4648,East York El Sch,0,0,1
6688,Indian Rock El Sch,0,0,1
4653,Valley View El Sch,0,0,1
4657,York Suburban MS,0,1,0
4658,York Suburban SHS,1,0,0
8179,Yorkshire El Sch,0,0,1
4512,H W Good El Sch,0,0,1
4507,Mendon El Sch,0,0,1
8003,West Newton El Sch,0,0,1
4508,Yough Intrmd/MS Sch,0,1,0
4735,Yough SHS,1,0,0
7584,Young Scholars CS,1,0,0
7841,Young Scholars of Central PA CS,1,0,0
8337,Young Scholars of Greater Allegheny CS,1,0,0
8156,Young Scholars of Western Pennsylvania C,0,0,1
7513,Youth Build Phila CS,1,0,0
7148,Youth Forestry Camp #2,0,0,1
7154,Youth Forestry Camp #3,0,0,1